	dimension 1	dimension 2
1001701103_A1	-4.0835047	0.5877251
1001701103_A2	-9.001735	-0.20662941
1001701103_A3	-3.58905	-6.245629
1001701103_A4	-10.276576	2.216501
1001701103_A5	-0.97420055	-1.9572988
1001701103_A6	-10.059472	5.8722906
1001701103_A7	-2.739262	-0.9353145
1001701103_A8	-0.0886235	4.5368614
1001701103_A9	0.20809197	-1.3649845
1001701103_A10	-6.8907804	1.3473024
1001701103_A11	-7.787266	0.7135435
1001701103_B1	-4.0875278	-1.7179934
1001701103_B2	-5.598474	0.10038597
1001701103_B3	-1.5862125	0.09420535
1001701103_B4	5.191598	-2.236039
1001701103_B5	0.78905296	-4.586661
1001701103_B6	-8.613381	0.61555654
1001701103_B7	-7.028195	-0.8230569
1001701103_B8	-15.016251	6.035602
1001701103_B9	-10.263429	3.7054281
1001701103_B10	-3.829116	0.10295467
1001701103_B11	-6.60581	2.8496938
1001701103_B13	27.014196	4.3249125
1001701103_C1	-6.38197	5.2687383
1001701103_C2	4.73908	-0.44446176
1001701103_C3	6.196947	-4.747523
1001701103_C4	-0.1519864	1.1518469
1001701103_C5	-8.741407	1.2768025
1001701103_C6	-12.2174225	5.5779586
1001701103_C7	-6.4953365	2.718328
1001701103_C8	-8.729761	-1.0933446
1001701103_C10	-14.40031	-1.4976418
1001701103_C11	-2.4452066	0.73936737
1001701103_D1	-7.9230494	5.6589885
1001701103_D2	-8.604212	-0.011673355
1001701103_D3	-0.96503896	-0.48175675
1001701103_D4	-11.367469	-1.1505173
1001701103_D5	0.85080767	1.657295
1001701103_D6	-4.3233147	6.182249
1001701103_D7	6.200666	0.055713315
1001701103_D8	-11.025505	6.058446
1001701103_D9	-6.8111024	-3.0094051
1001701103_D10	-6.6159835	5.706001
1001701103_D11	-8.892363	1.2662426
1001701103_E1	-15.697075	2.428191
1001701103_E2	-0.8490702	-7.480428
1001701103_E3	-8.844462	1.4091861
1001701103_E4	-8.74916	0.9855708
1001701103_E5	-12.376764	-2.2160566
1001701103_E6	-5.3255267	5.58875
1001701103_E7	3.2039752	-8.167635
1001701103_E8	-10.86525	3.414243
1001701103_E9	5.3006225	0.28746206
1001701103_E10	-15.139362	5.1795154
1001701103_E11	-5.9267645	3.7035758
1001701103_F1	-9.3191805	2.3695898
1001701103_F2	-1.266662	-5.1104393
1001701103_F3	-10.05376	2.4232862
1001701103_F4	4.9629755	-2.63366
1001701103_F5	-10.309726	-0.49051353
1001701103_F6	-6.5926247	6.9225044
1001701103_F7	-9.952859	0.3375323
1001701103_F8	-2.2126682	-4.6298394
1001701103_F9	-6.307641	4.912026
1001701103_F10	-11.253437	1.6026791
1001701103_F11	-13.631026	6.452054
1001701103_G1	-9.762727	-1.6790326
1001701103_G2	-15.55489	0.9006664
1001701103_G3	6.3893085	-8.328451
1001701103_G4	-13.489405	0.9159906
1001701103_G5	-11.547011	-0.08123404
1001701103_G6	-3.4857113	1.5757312
1001701103_G7	7.1083555	-2.633598
1001701103_G9	-10.651693	5.7286816
1001701103_G10	-10.929537	0.7423748
1001701103_G11	-13.827625	-2.7277517
1001701103_H1	2.2754416	-4.9349246
1001701103_H2	-9.165677	5.1764503
1001701103_H3	4.8944936	-4.2238503
1001701103_H4	-5.119806	0.28908277
1001701103_H5	-7.1378303	7.357982
1001701103_H6	-8.728185	8.002622
1001701103_H7	-10.592076	0.9676888
1001701103_H8	8.312863	-5.1856575
1001701103_H9	-12.460021	2.6978714
1001701103_H10	6.8565803	-1.565445
1001701103_H11	-7.7791357	4.075409
1001701103_I1	-8.464168	2.728315
1001701103_I2	1.9273137	-5.921944
1001701103_I3	8.548259	-5.3564563
1001701103_I4	-16.641151	2.5330653
1001701103_I5	-7.3237953	1.9804053
1001701103_I6	-7.548139	5.817294
1001701103_I7	5.985106	-1.1114684
1001701103_I8	-4.205977	6.8570704
1001701103_I9	-10.997393	4.5192385
1001701103_I10	-2.4136658	-1.0738546
1001701103_I11	-6.4142933	3.5412378
1001701103_J1	-7.796495	-0.02585872
1001701103_J2	-14.493089	7.21115
1001701103_J3	-13.568919	5.820949
1001701103_J4	-6.06641	3.3208265
1001701103_J5	-14.58428	0.24059471
1001701103_J6	-7.375203	2.7922332
1001701103_J7	-10.869487	3.5124273
1001701103_J8	-1.106785	-0.21649978
1001701103_J9	-3.0759118	-7.4520836
1001701103_J10	3.1736867	-6.7387786
1001701103_J11	-10.096266	2.421467
1001701103_K1	-10.648044	3.2559931
1001701103_K2	-9.718599	3.698711
1001701103_K3	-0.7494544	-4.06505
1001701103_K4	5.6775413	-2.6313183
1001701103_K5	-7.5850334	6.192722
1001701103_K7	-3.0791574	3.85071
1001701103_K8	-7.45373	0.29440847
1001701103_K9	-6.9993987	9.02736
1001701103_K10	-13.46143	5.816076
1001701103_L1	-5.7843237	3.5479558
1001701103_L2	-15.339315	5.058158
1001701103_L3	-14.456268	3.2720897
1001701103_L4	6.762388	-7.3695035
1001701103_L5	-16.832825	-0.39083284
1001701103_L6	4.4020605	-9.103388
1001701103_L7	2.6501522	-2.6387842
1001701103_L8	-5.929514	-0.8142644
1001701103_L9	-0.05730655	-8.33364
1001701103_L10	-7.547437	3.910002
1001701103_L11	-8.824686	-1.1876384
1001701103_M1	5.6611114	-1.9044787
1001701103_M2	-6.2780166	3.1364634
1001701103_M3	-10.720858	0.77912486
1001701103_M4	-10.74258	4.120136
1001701103_M5	2.7247965	-3.3649294
1001701103_M6	-16.379711	1.6852033
1001701103_M7	-13.691319	1.8510587
1001701103_M8	-5.0664577	-0.49953663
1001701103_M9	-3.0213268	0.92239827
1001701103_M10	-12.02217	2.0375936
1001701103_M11	-10.333582	-1.4502374
1001701103_N1	-7.2600913	7.4598265
1001701103_N2	-1.6955107	-5.8105364
1001701103_N3	5.374356	1.4823709
1001701103_N4	-2.550797	-0.673916
1001701103_N5	-4.856055	3.382707
1001701103_N6	0.6135644	-2.970873
1001701103_N7	6.380564	-1.4550939
1001701103_N8	-6.9855566	3.1672027
1001701103_N9	-5.299869	3.3462226
1001701103_N10	-7.5774384	2.2256715
1001701103_O1	-7.0562983	1.2193434
1001701103_O2	-10.771577	3.5748758
1001701103_O3	-6.979701	8.217834
1001701103_O4	4.144484	-1.5144978
1001701103_O5	-9.190384	6.2746577
1001701103_O6	-4.4441133	0.44846267
1001701103_O7	-10.433548	-1.7411803
1001701103_O8	-9.6751795	-0.2785037
1001701103_O9	-11.170433	-0.42419234
1001701103_O10	-6.1736994	-1.2845198
1001701103_O11	-8.152345	3.3923905
1001701103_P1	-12.249404	5.520395
1001701103_P2	-1.6454339	-2.3667262
1001701103_P4	-10.836226	0.8825886
1001701103_P5	0.32630223	5.7411094
1001701103_P6	9.249129	-5.570989
1001701103_P7	-7.987272	3.1626499
1001701103_P8	-1.9580551	-4.0845747
1001701103_P9	-9.505691	1.3337666
1001701103_P10	-8.540659	2.2256355
1001701105_C1	-4.604793	3.7925375
1001701105_D5	6.2230763	-5.366324
1001701105_D6	-6.1331873	-1.2368615
1001701105_E3	-5.005539	1.485664
1001701105_E11	-10.593165	3.4992151
1001701105_F1	25.38778	4.1150775
1001701105_F9	-7.7846313	-0.8284698
1001701105_G5	-17.248505	1.0344268
1001701105_G8	-11.541015	1.6099395
1001701105_H8	-13.829107	5.3731723
1001701105_H11	-10.382874	1.9984876
1001701105_I3	-12.808062	8.337715
1001701105_I11	-1.6919485	1.0143993
1001701105_J9	5.190252	1.2641467
1001701105_J10	0.6609236	-7.1875124
1001701105_M8	-2.963201	-0.46937123
1001701105_M10	-7.9159865	8.647066
1001701105_M11	-0.521374	-8.757328
1001701105_N9	2.3176024	-3.9325905
1001701105_N11	-8.695112	3.2043178
1001701105_O1	-6.956266	4.9658504
1001701105_O5	-3.4695225	4.4061637
1001701105_O7	-4.7467804	2.8861141
1001701105_O8	5.865949	1.2722462
1001701105_O9	-5.2837205	-1.144385
1001701203_A1	6.5820127	-5.2901425
1001701203_A2	-12.134152	-1.9279631
1001701203_A3	-11.624772	5.52068
1001701203_A4	0.6948693	-7.238182
1001701203_A5	-1.6852072	-6.7431874
1001701203_A6	-11.510405	-1.8695625
1001701203_A7	-1.7448643	-5.1447277
1001701203_A8	-13.326613	8.486802
1001701203_A9	-12.068483	-0.6311435
1001701203_A10	-9.189534	6.3658648
1001701203_A11	-0.39923996	-7.3469143
1001701203_B1	-6.8357987	7.0507884
1001701203_B2	-15.003084	-1.6774701
1001701203_B3	-0.5898221	-7.582375
1001701203_B4	7.4143376	-4.601868
1001701203_B5	29.644564	-4.4993243
1001701203_B6	-13.393413	0.22992007
1001701203_B7	29.401884	-4.626198
1001701203_B8	-4.4168587	-0.30077392
1001701203_B9	-13.15461	5.842377
1001701203_B10	0.19926411	-8.140163
1001701203_B11	-11.435114	2.3646636
1001701203_C1	-0.62366164	-5.291101
1001701203_C2	7.9920845	-4.5418987
1001701203_C3	7.345117	-1.612687
1001701203_C4	3.865105	-4.4105473
1001701203_C5	-10.0377035	-1.0390979
1001701203_C6	5.513962	-0.7472228
1001701203_C7	3.195037	-5.7779927
1001701203_C8	8.679875	-4.695143
1001701203_C9	6.6571956	-1.4964142
1001701203_C10	-6.5309377	5.5665846
1001701203_C11	8.678643	-4.8875365
1001701203_D1	-0.9249259	-0.71264446
1001701203_D2	-3.9171765	5.7852674
1001701203_D3	-5.1374946	6.295653
1001701203_D4	-5.9034796	-1.937274
1001701203_D5	-16.753454	7.4274125
1001701203_D6	-1.9879127	-6.2479506
1001701203_D7	-7.977475	7.822987
1001701203_D8	6.267751	-1.397056
1001701203_D9	-1.668899	0.06482636
1001701203_D10	-6.4457145	3.2134883
1001701203_D11	-7.480749	3.957038
1001701203_E1	-5.8234844	0.25893945
1001701203_E2	-2.0017552	-2.5611022
1001701203_E3	6.0548983	-0.63408583
1001701203_E4	1.8923162	0.99334854
1001701203_E5	0.37409765	-6.6836705
1001701203_E6	29.214972	-4.5048103
1001701203_E7	-9.421323	5.4900804
1001701203_E8	-3.198712	-5.9512215
1001701203_E9	-3.8462284	-2.4137328
1001701203_E10	0.07487814	5.552557
1001701203_E11	-10.441502	7.1598444
1001701203_F1	-3.2381248	1.8791168
1001701203_F2	-12.737855	7.5154114
1001701203_F3	5.588728	-0.22835231
1001701203_F4	-15.271603	2.624072
1001701203_F5	1.4333191	-2.1711335
1001701203_F6	-5.6237874	-0.7555038
1001701203_F7	4.26258	-1.3644099
1001701203_F8	7.714931	-6.58914
1001701203_F9	2.5963874	0.25394535
1001701203_F10	-14.08183	-2.250422
1001701203_F11	-14.984638	6.7753286
1001701203_G1	-9.756167	1.0217978
1001701203_G2	8.330295	-5.574765
1001701203_G3	-10.731527	3.7282856
1001701203_G4	-9.844802	5.2365265
1001701203_G5	6.1468654	-5.2729583
1001701203_G6	0.033956148	-7.2256827
1001701203_G7	6.3229713	-0.43030375
1001701203_G8	-7.811315	2.1113377
1001701203_G9	30.099613	-3.041467
1001701203_G10	-7.83823	2.0399144
1001701203_G11	-0.04746329	0.16107744
1001701203_H1	-9.279238	6.35323
1001701203_H2	-15.767186	-0.6537118
1001701203_H3	-7.498854	7.253894
1001701203_H4	6.156627	-2.8834004
1001701203_H5	-6.859068	5.5950117
1001701203_H6	-5.197269	0.7015416
1001701203_H7	5.008615	0.47511324
1001701203_H8	-5.09242	0.31420398
1001701203_H9	-9.8081255	2.6905353
1001701203_H10	-11.416566	7.2840633
1001701203_H11	29.594666	-4.6378465
1001701203_I1	-10.906339	0.7333123
1001701203_I2	-11.972214	7.3274703
1001701203_I3	3.1914678	-6.20246
1001701203_I4	-6.712915	7.059995
1001701203_I5	-11.222785	-0.13741767
1001701203_I6	-8.504451	5.6351957
1001701203_I7	-14.835491	5.955221
1001701203_I8	-1.0623546	-6.106262
1001701203_I9	-8.067225	6.859858
1001701203_I10	-5.35669	-0.86363685
1001701203_I11	-11.918407	-0.22563766
1001701203_J1	-9.689967	5.2427597
1001701203_J2	-11.240617	3.4600327
1001701203_J3	7.057728	-3.9361465
1001701203_J4	-10.16564	4.3131657
1001701203_J5	-3.9518201	-0.83886284
1001701203_J6	-1.2597722	-5.649237
1001701203_J7	-8.158146	3.828081
1001701203_J8	-1.2640526	2.46812
1001701203_J9	-15.964337	6.4257402
1001701203_J10	0.8351008	-5.3900347
1001701203_J11	-2.444433	5.125672
1001701203_K1	-4.1710167	0.21853475
1001701203_K2	-0.87113696	3.6082916
1001701203_K3	-16.130651	1.428969
1001701203_K4	7.559032	-4.2781982
1001701203_K5	-12.271829	6.5763326
1001701203_K6	30.966173	-5.6733623
1001701203_K7	-3.4382296	-0.6992126
1001701203_K8	-3.70249	-0.35103324
1001701203_K9	-9.239647	2.7203474
1001701203_K10	-2.9214854	1.1805915
1001701203_K11	-9.075198	-3.7639973
1001701203_L1	-10.775063	4.3517704
1001701203_L2	-8.2545805	5.4031405
1001701203_L3	7.0763755	-3.4401517
1001701203_L4	-10.400267	8.432948
1001701203_L5	-11.318264	-0.43806428
1001701203_L6	-13.013499	6.9464574
1001701203_L7	0.19880106	-4.971804
1001701203_L8	-1.4499483	-4.1693745
1001701203_L9	-15.184938	2.113454
1001701203_L10	8.552157	-5.026062
1001701203_L11	-11.5446205	8.080737
1001701203_M1	-10.071878	4.5923667
1001701203_M2	-11.996174	-0.8032028
1001701203_M3	-5.0044093	7.4925947
1001701203_M4	5.7248206	-4.3568926
1001701203_M5	-9.467581	8.695131
1001701203_M6	4.0997806	-5.3254113
1001701203_M7	-11.42686	-1.6958432
1001701203_M8	3.6853507	3.0283256
1001701203_M9	-7.4121857	5.42312
1001701203_M10	-12.217813	-1.3575927
1001701203_M11	-5.7306957	5.9212775
1001701203_N1	-1.257362	-0.6479346
1001701203_N2	-1.3366635	-6.5459194
1001701203_N3	-0.7967664	4.942026
1001701203_N4	0.9155185	-6.0390534
1001701203_N5	29.808813	-4.4919543
1001701203_N6	-10.637391	7.3445935
1001701203_N7	2.216126	-6.0139155
1001701203_N8	-14.050566	-0.56753516
1001701203_N9	-2.8633878	-5.073009
1001701203_N10	-4.5963173	-0.81284416
1001701203_N11	-9.626023	5.093736
1001701203_O1	-11.431561	1.7869824
1001701203_O2	-9.205821	5.934036
1001701203_O3	3.1006422	-7.174785
1001701203_O4	-0.35369724	-7.236885
1001701203_O5	-14.700931	-0.18940419
1001701203_O7	-7.842435	-0.60722893
1001701203_O8	3.6728253	-6.9976954
1001701203_O9	3.157597	-7.982988
1001701203_O10	-9.197882	-3.757314
1001701203_O11	-3.6751513	-4.005076
1001701203_P1	5.0243454	0.061493143
1001701203_P2	-6.477095	5.5582423
1001701203_P3	-4.514998	-1.5952483
1001701203_P4	3.4757855	-7.47912
1001701203_P6	-7.7217884	2.2043095
1001701203_P7	-15.426984	-1.569885
1001701203_P8	-6.997872	4.203199
1001701203_P9	31.46001	-6.4737825
1001701203_P10	-9.394755	4.500717
1001701203_P11	-12.179453	-2.2518609
1001701205_A10	6.4624844	-6.0007343
1001701205_A11	29.517302	-4.529033
1001701205_D11	-7.706531	3.812451
1001701205_E9	-0.17768224	-7.3093743
1001701205_G9	-5.5700793	2.3762949
1001701205_G10	-6.405334	6.883661
1001701205_H3	-11.700173	4.053101
1001701205_H21	25.600348	2.3353646
1001701205_I3	6.792459	-0.38056597
1001701205_K1	-3.0707498	-1.2057976
1001701205_P5	1.4218937	-9.000106
1001701301_P22	2.904266	4.9884477
1001701303_A1	-9.837371	5.518251
1001701303_A2	-13.171363	1.311351
1001701303_A3	-4.085807	-3.0805652
1001701303_A4	30.321306	-2.7981105
1001701303_A5	-12.025804	-2.0626075
1001701303_A6	0.006889544	-4.8102465
1001701303_A7	-14.912836	5.9413986
1001701303_A8	0.19570777	-0.4675929
1001701303_A9	30.682838	-2.7937446
1001701303_A10	7.304185	-0.3068832
1001701303_A11	7.9880567	-1.5062253
1001701303_B1	-13.603889	1.9650081
1001701303_B3	31.05523	-5.623979
1001701303_B4	30.52472	-3.1634896
1001701303_B5	5.9855237	2.6930485
1001701303_B6	-10.581586	8.257997
1001701303_B7	-8.284409	1.6512179
1001701303_B8	-12.352441	-0.8536909
1001701303_B9	-8.25663	9.665197
1001701303_B10	-10.57328	5.0818996
1001701303_B11	-5.412161	-1.9652894
1001701303_C1	6.7388263	-1.6969703
1001701303_C2	-4.2092814	5.0828586
1001701303_C3	-3.6747303	-2.636002
1001701303_C4	-15.066548	4.21308
1001701303_C6	-9.306551	-2.4438663
1001701303_C7	-13.775443	2.2804909
1001701303_C8	-11.875698	4.7545958
1001701303_C9	-16.79388	2.413445
1001701303_C10	-12.086967	8.489198
1001701303_C11	1.9020422	-5.2387857
1001701303_D1	32.532574	-6.9265566
1001701303_D2	-5.5040183	-0.04443037
1001701303_D3	-9.406214	8.069002
1001701303_D4	4.8013854	-8.698653
1001701303_D5	30.324293	-4.2041116
1001701303_D6	-12.232485	-1.343344
1001701303_D7	-9.36657	2.9758244
1001701303_D8	-1.4444706	-4.1352053
1001701303_D9	-11.233287	6.347726
1001701303_D10	5.1363025	-2.4126875
1001701303_D11	30.818846	-3.2021549
1001701303_D20	24.444729	2.0965347
1001701303_E1	-11.780072	-2.4362333
1001701303_E2	0.9254566	-7.8575935
1001701303_E4	-9.626706	6.928374
1001701303_E5	-7.0391293	2.0734491
1001701303_E6	-10.370501	5.0257998
1001701303_E7	-11.802159	-2.165942
1001701303_E8	3.8147726	-6.003993
1001701303_E9	-9.966003	2.5881526
1001701303_E10	-8.141473	6.2426834
1001701303_E11	-13.259967	3.3621504
1001701303_F1	-8.212535	6.51458
1001701303_F2	0.6575237	-1.8669714
1001701303_F3	-11.55439	0.17376408
1001701303_F4	-14.559172	5.5333147
1001701303_F5	-10.625797	-1.8345873
1001701303_F6	-8.434668	4.8569403
1001701303_F7	-12.304347	-1.4720749
1001701303_F8	5.8881087	-2.5643964
1001701303_F9	-14.054952	0.6578003
1001701303_F10	-7.9182053	3.6094427
1001701303_F11	-13.793855	-1.1457431
1001701303_F12	24.726667	1.7281705
1001701303_G1	-13.004421	5.7915506
1001701303_G2	-10.894429	4.2969728
1001701303_G3	-4.89394	1.3337356
1001701303_G4	-10.55662	3.5139282
1001701303_G5	-13.862477	4.7875214
1001701303_G6	-3.4913404	-2.876907
1001701303_G7	3.0286682	-0.7410349
1001701303_G8	-9.390279	3.289773
1001701303_G9	-11.43666	3.3078241
1001701303_G10	-9.354029	7.052163
1001701303_G11	-3.4453685	-0.90286833
1001701303_G12	25.799404	3.7203012
1001701303_G13	27.38266	2.6415024
1001701303_H1	-10.000811	8.865891
1001701303_H2	-9.095383	5.24266
1001701303_H3	5.0730886	-1.9960054
1001701303_H4	32.163364	-4.9802513
1001701303_H5	-10.317757	-3.355366
1001701303_H6	2.865424	-7.1391387
1001701303_H7	-14.292267	7.2580085
1001701303_H8	-13.453632	5.043849
1001701303_H10	-11.684107	-0.050375864
1001701303_H11	-9.634908	3.8119867
1001701303_I1	-14.248799	2.8918521
1001701303_I2	-8.303592	3.5292268
1001701303_I3	-7.5724287	0.4246404
1001701303_I4	-13.746056	5.8445582
1001701303_I5	-2.9859867	-4.6394525
1001701303_I6	-13.900956	8.02291
1001701303_I7	-2.2996113	0.42125112
1001701303_I9	-10.353729	5.5508075
1001701303_I11	-5.747431	2.5094728
1001701303_J1	29.610355	-4.1818285
1001701303_J2	30.488964	-3.2312596
1001701303_J3	-8.702251	0.6783471
1001701303_J4	-10.189547	1.1685883
1001701303_J5	33.69563	-6.879458
1001701303_J6	-8.103336	1.8048433
1001701303_J8	-12.408947	5.8543267
1001701303_J9	-0.112856075	-6.4241395
1001701303_J10	-12.624805	-3.6491425
1001701303_J11	-9.922432	2.772483
1001701303_K1	-8.809838	0.019648563
1001701303_K2	4.0204277	-6.4828496
1001701303_K3	-6.601919	-1.7542403
1001701303_K4	-9.880659	2.527314
1001701303_K5	-12.634437	-0.33220243
1001701303_K6	-6.37166	-3.8670547
1001701303_K7	-11.041913	3.977827
1001701303_K8	-11.079257	2.6873677
1001701303_K9	-12.666534	-0.023553787
1001701303_K10	-9.225028	-0.43536505
1001701303_K11	-4.700802	-0.13077137
1001701303_L1	-8.510611	4.8176017
1001701303_L2	-14.7569475	3.8215592
1001701303_L3	-3.0087976	-1.1145163
1001701303_L4	-8.15137	5.037747
1001701303_L5	-10.24377	7.6378694
1001701303_L6	-12.698066	-3.1307595
1001701303_L7	-11.491548	-1.8283495
1001701303_L8	-6.440014	-2.342424
1001701303_L9	-7.258585	2.8808227
1001701303_L10	6.9615407	-6.9628406
1001701303_L11	-3.547386	-4.0843334
1001701303_M1	6.38816	-2.4590385
1001701303_M2	-8.988602	-0.9758876
1001701303_M3	-7.222324	-3.457479
1001701303_M4	-13.808549	4.144025
1001701303_M5	-8.093107	4.90811
1001701303_M6	-9.309069	2.8950856
1001701303_M7	-16.03062	6.0141325
1001701303_M8	-12.10043	-2.2137494
1001701303_M9	-9.431661	4.590725
1001701303_M10	6.5365057	-4.089284
1001701303_M11	-4.276488	-2.6800256
1001701303_N1	-4.6954265	-0.39842588
1001701303_N2	-9.403211	-0.25160813
1001701303_N3	-9.061428	2.8420503
1001701303_N4	-15.079267	-2.5532455
1001701303_N5	-6.7958975	-5.012211
1001701303_N6	6.1437764	-3.2604756
1001701303_N7	-2.0468144	-2.639022
1001701303_N8	-6.642588	4.4844613
1001701303_N9	-11.698052	2.1957943
1001701303_N10	30.61108	-3.0553088
1001701303_N11	-15.776817	4.2855487
1001701303_N21	28.128565	2.0432053
1001701303_O1	-6.214506	7.733594
1001701303_O2	-6.70927	5.0507126
1001701303_O3	-3.899461	6.047169
1001701303_O4	-10.694923	8.819129
1001701303_O5	30.680624	-5.4750767
1001701303_O6	-6.7861514	3.4796443
1001701303_O7	-9.919308	0.93543315
1001701303_O8	-9.644302	0.47695458
1001701303_O9	-10.515449	1.3794796
1001701303_O10	4.043595	-4.1978145
1001701303_O11	-14.814266	1.0437225
1001701303_P2	30.42876	-3.2208104
1001701303_P3	-7.2906184	4.269902
1001701303_P4	-6.7103047	-3.282034
1001701303_P5	-5.2802863	-2.15016
1001701303_P6	-8.0323515	5.170677
1001701303_P7	-12.677274	0.3506748
1001701303_P8	8.302317	-6.3379536
1001701303_P10	-11.553258	3.0536747
1001701303_P11	-7.3573704	5.383971
1001701305_C10	-6.658108	-3.3755047
1001701305_C11	-14.610825	5.0456142
1001701305_D3	-16.09613	3.4073794
1001701305_E4	-8.578847	3.2443721
1001701305_E13	27.014439	4.008733
1001701305_F2	-5.259015	-2.8884275
1001701305_F8	-3.9158254	-3.8350375
1001701305_F10	-5.969328	-1.171349
1001701305_G3	-12.847548	-2.8183446
1001701305_I10	-12.45972	-1.2179594
1001701305_K9	-6.196629	-4.821611
1001701305_L3	27.355759	2.834024
1001701305_L4	-13.168675	4.049155
1001701305_L8	29.553839	-4.494646
1001701305_M8	24.702885	1.8764203
1001701305_P6	-7.80367	-1.0522455
1001701403_A1	-11.736941	1.5513288
1001701403_A2	33.01998	-4.852437
1001701403_A3	3.6960895	-2.1493306
1001701403_A4	-4.1357584	4.0223975
1001701403_A5	-14.61162	3.1756124
1001701403_A6	-7.1296554	7.7476463
1001701403_A7	33.04465	-5.950005
1001701403_A8	-3.1748397	-3.1216843
1001701403_A9	-3.7976584	-5.3239856
1001701403_A11	32.949013	-4.7281866
1001701403_A14	26.813717	2.431309
1001701403_A19	26.916773	1.5244266
1001701403_B1	33.523315	-5.7850904
1001701403_B2	-11.726651	0.024390759
1001701403_B3	0.9850119	-6.07023
1001701403_B4	32.44061	-5.0232544
1001701403_B5	4.882118	-8.695588
1001701403_B6	32.167736	-6.232753
1001701403_B7	-14.127034	-0.10270213
1001701403_B8	-9.504661	2.2334993
1001701403_B9	32.456154	-5.718567
1001701403_B10	-10.993925	1.0752257
1001701403_B11	1.3155172	-7.3146844
1001701403_B13	27.694973	2.80139
1001701403_C1	32.135323	-6.3204355
1001701403_C2	33.387127	-5.202046
1001701403_C3	-11.706685	-0.18686497
1001701403_C4	32.328613	-5.393678
1001701403_C5	-10.329271	1.718488
1001701403_C6	32.19757	-5.3979936
1001701403_C7	-6.8623867	9.343348
1001701403_C8	31.955276	-5.549006
1001701403_C9	33.276386	-5.872578
1001701403_C10	-9.038791	-0.98728186
1001701403_C11	-2.1474211	-3.0433838
1001701403_D1	-8.738373	8.253532
1001701403_D2	32.972893	-6.61218
1001701403_D3	-13.921527	4.618577
1001701403_D4	33.11439	-6.4825206
1001701403_D5	-2.01144	-0.32512122
1001701403_D6	32.632835	-6.598224
1001701403_D7	33.075443	-5.3533134
1001701403_D8	5.0943108	-6.6853228
1001701403_D9	7.8085794	-5.774783
1001701403_D10	1.3507715	-9.242591
1001701403_D11	-11.982821	0.121184774
1001701403_E1	7.5345173	-6.53494
1001701403_E2	33.653236	-6.228987
1001701403_E3	-7.2810946	4.1134834
1001701403_E4	-12.810185	2.947026
1001701403_E6	31.506647	-5.9473577
1001701403_E7	-13.207204	-0.9540207
1001701403_E8	-15.892381	6.2858267
1001701403_E9	-9.249413	4.2959695
1001701403_E11	-10.027466	-4.458863
1001701403_E22	27.350166	2.4535832
1001701403_E23	26.799465	1.6500659
1001701403_F1	-8.908102	6.3175
1001701403_F2	-6.8975596	-0.4512042
1001701403_F3	3.1734202	-8.528101
1001701403_F4	31.8624	-6.244637
1001701403_F5	32.532196	-5.8317456
1001701403_F6	6.149865	-4.0286245
1001701403_F7	32.477425	-4.7305155
1001701403_F8	5.6918364	-7.031532
1001701403_F9	-4.370592	-5.7461
1001701403_F10	-0.30654266	-5.806137
1001701403_F11	31.980127	-6.1266813
1001701403_F14	26.392506	2.1028118
1001701403_G1	-7.8472543	-1.8061159
1001701403_G2	-10.072441	6.229112
1001701403_G3	-10.090161	-5.104316
1001701403_G4	3.267761	-5.9839773
1001701403_G5	29.564095	-4.6785817
1001701403_G6	-9.154399	-0.022602059
1001701403_G7	33.82985	-5.914739
1001701403_G8	-8.208391	7.5696955
1001701403_G9	33.165375	-5.71048
1001701403_G10	7.324213	-2.1832566
1001701403_G11	-6.80857	-2.8464854
1001701403_H1	29.351383	-4.5990443
1001701403_H2	-11.543456	2.019893
1001701403_H3	33.158348	-4.7061057
1001701403_H4	-12.466365	2.854344
1001701403_H5	-12.236232	-2.1126983
1001701403_H6	32.02058	-6.483011
1001701403_H7	-9.4694395	3.237458
1001701403_H8	1.4425217	-8.906901
1001701403_H9	30.2107	-4.1830087
1001701403_H10	4.3797345	-5.4929094
1001701403_H11	-9.818248	0.5961301
1001701403_H16	27.928316	0.9840854
1001701403_I1	-14.892987	3.02272
1001701403_I2	31.859646	-5.631059
1001701403_I3	-6.5369754	5.3529186
1001701403_I4	-14.461676	3.5415354
1001701403_I6	32.43989	-6.367398
1001701403_I7	-10.123031	0.23257889
1001701403_I8	32.998695	-4.8191795
1001701403_I9	7.3401365	-3.1764586
1001701403_I10	4.03755	-6.871462
1001701403_I11	1.8737866	-6.5349245
1001701403_I16	24.856241	1.7599353
1001701403_J1	32.78276	-4.740848
1001701403_J2	32.648075	-5.6217585
1001701403_J3	32.572845	-4.8612247
1001701403_J4	32.35461	-6.3938627
1001701403_J5	0.71540284	-7.0795517
1001701403_J6	29.879318	-4.039846
1001701403_J7	5.519551	-4.956758
1001701403_J8	32.64965	-4.9110894
1001701403_J9	6.065593	-1.408288
1001701403_J10	-11.333832	4.5180492
1001701403_J11	-11.153181	0.94191754
1001701403_J13	26.53976	2.3662076
1001701403_J19	27.440626	2.1249719
1001701403_K1	33.04188	-4.6697245
1001701403_K2	-13.014709	0.9853046
1001701403_K3	32.318607	-6.3850627
1001701403_K4	8.198826	-6.144621
1001701403_K5	32.348232	-4.9264536
1001701403_K6	-8.459596	5.1981735
1001701403_K7	31.951647	-5.586531
1001701403_K8	2.4880924	-8.416689
1001701403_K9	-12.408095	4.2066836
1001701403_K10	7.3045917	-5.5351095
1001701403_K11	-6.5413365	5.728471
1001701403_K22	25.600197	2.6053414
1001701403_L1	-5.4836173	-2.1676853
1001701403_L2	31.337233	-5.875432
1001701403_L3	5.364027	-5.935794
1001701403_L4	-15.929986	1.9147781
1001701403_L6	3.7136998	-0.22020817
1001701403_L7	-16.162737	3.1670227
1001701403_L8	33.38283	-5.037956
1001701403_L9	1.2508159	-2.1751335
1001701403_L10	-8.474268	-1.475974
1001701403_L11	4.875001	-6.9455442
1001701403_L14	26.862684	3.1084478
1001701403_M1	32.33212	-6.4594994
1001701403_M2	-14.231073	2.821559
1001701403_M3	8.498489	-5.780791
1001701403_M4	31.860107	-5.6072483
1001701403_M5	30.653389	-2.3063645
1001701403_M6	-5.419463	0.2787692
1001701403_M7	3.863087	-8.01987
1001701403_M8	-0.044660076	-6.175677
1001701403_M10	-12.013171	-0.7022697
1001701403_M11	32.03597	-5.0291123
1001701403_N1	7.195154	-4.240608
1001701403_N2	32.72419	-6.3859916
1001701403_N3	32.866333	-5.7127194
1001701403_N4	6.224067	-2.7430816
1001701403_N5	-10.007487	1.0899913
1001701403_N6	-9.840575	1.0264366
1001701403_N7	2.7562144	-2.4146948
1001701403_N8	33.19702	-4.671048
1001701403_N9	-4.97145	-2.8450804
1001701403_N10	-4.4403276	5.808232
1001701403_N11	-5.0386853	-3.896999
1001701403_N17	24.373531	1.6578555
1001701403_O1	-13.499213	2.9723885
1001701403_O2	-10.607711	8.658884
1001701403_O3	-14.537052	3.5879073
1001701403_O4	32.116776	-5.3451877
1001701403_O5	-0.08186716	-5.5577865
1001701403_O6	7.9567246	-3.344642
1001701403_O7	32.05741	-6.042069
1001701403_O8	-11.960683	2.0021555
1001701403_O9	2.060253	-8.048491
1001701403_O10	-14.014199	1.2779025
1001701403_O11	6.4790506	-0.92818475
1001701403_O14	26.513844	1.9548849
1001701403_O15	24.961788	1.5268912
1001701403_O17	24.999882	1.3711361
1001701403_O20	24.49454	1.3354051
1001701403_P1	-4.2415204	-1.7684808
1001701403_P2	32.55355	-5.5053725
1001701403_P3	-4.952746	-5.1398544
1001701403_P4	32.678616	-5.182908
1001701403_P5	-5.350575	6.5158725
1001701403_P6	2.3459885	-6.538988
1001701403_P7	33.462856	-5.5858216
1001701403_P8	0.5924967	-3.1386676
1001701403_P9	4.36242	0.08183889
1001701403_P10	32.562294	-5.6939826
1001701403_P11	5.2832747	-3.1441965
1001701403_P23	27.537294	2.905925
1001701405_A1	33.76401	-6.85697
1001701405_A4	33.269924	-5.0911446
1001701405_A11	-5.1045146	4.516222
1001701405_B7	33.65352	-5.088198
1001701405_C1	32.119297	-6.379281
1001701405_C6	33.412262	-5.1299105
1001701405_D2	6.4009056	-6.2659903
1001701405_D5	-12.293083	-0.24284227
1001701405_D10	32.912575	-4.849891
1001701405_E3	32.919147	-5.399897
1001701405_E9	32.830364	-5.9424276
1001701405_E10	32.787003	-4.8890605
1001701405_F5	32.064327	-6.061119
1001701405_F11	5.181336	-6.4117885
1001701405_G1	33.193695	-5.9416375
1001701405_G5	32.532574	-5.610817
1001701405_G11	32.974022	-5.4332557
1001701405_H2	-12.946291	1.335806
1001701405_H5	-8.265957	-2.3955352
1001701405_H10	-8.469527	-2.0910947
1001701405_I4	0.5460336	-8.561972
1001701405_I11	32.357594	-5.6517267
1001701405_J6	3.7649188	-4.663931
1001701405_J8	32.688572	-4.9979215
1001701405_J9	32.7907	-5.111771
1001701405_K6	32.91345	-6.5609393
1001701405_K11	33.135124	-4.9344096
1001701405_L3	32.486217	-5.3306746
1001701405_L7	3.3366966	-7.979499
1001701405_L9	32.141647	-6.3872848
1001701405_L10	32.45417	-5.156319
1001701405_M1	33.72489	-6.81631
1001701405_M6	34.343174	-5.55302
1001701405_N2	32.527042	-5.367732
1001701405_N4	32.780155	-6.403448
1001701405_N6	31.833342	-5.9132943
1001701405_N8	32.965717	-4.8455224
1001701405_O1	33.17933	-5.242192
1001701405_O5	-11.637317	2.5898848
1001701405_O7	32.6673	-4.850793
1001701405_P4	32.686474	-5.4854307
1001701405_P5	32.411278	-5.1390657
1001701405_P6	33.71946	-6.927675
1001701503_A1	0.020332213	-6.330977
1001701503_A2	-7.0839086	4.2328067
1001701503_A3	31.088312	-3.3927317
1001701503_A4	30.750551	-2.8098698
1001701503_A5	30.040989	-4.8440156
1001701503_A6	-3.1697855	0.13126086
1001701503_A7	-6.719358	9.443599
1001701503_A8	-13.372369	7.0127378
1001701503_A9	-0.12561469	5.5139847
1001701503_A10	31.810999	-6.619016
1001701503_A11	-7.782469	5.0651307
1001701503_B1	-8.276032	2.7876742
1001701503_B2	1.3372539	-7.116993
1001701503_B3	-5.9790397	-3.4241908
1001701503_B4	32.736843	-5.391359
1001701503_B5	-5.348809	-2.1237156
1001701503_B6	-10.422183	-2.7667747
1001701503_B7	30.921776	-3.6311743
1001701503_B8	31.819733	-5.038014
1001701503_B9	-11.322736	3.039471
1001701503_B10	32.377827	-6.7175612
1001701503_B11	34.09827	-5.36471
1001701503_C1	-12.720677	4.7838554
1001701503_C2	-11.1564455	-0.79760426
1001701503_C3	-13.348601	0.60254097
1001701503_C4	-10.003517	4.8860707
1001701503_C5	2.1760447	-8.513957
1001701503_C6	-13.565225	0.13258238
1001701503_C7	30.314695	-4.697801
1001701503_C8	-11.654436	9.333146
1001701503_C9	-8.28502	3.494223
1001701503_C10	-12.43401	7.7510405
1001701503_C11	30.285799	-3.3333464
1001701503_D1	-1.1429199	-6.420756
1001701503_D2	-6.8938503	0.44344848
1001701503_D3	-10.347756	-1.0925682
1001701503_D4	31.78586	-7.1073127
1001701503_D5	-10.245056	7.852638
1001701503_D6	33.11008	-5.1940446
1001701503_D7	-7.9132366	-0.4846051
1001701503_D8	31.935148	-6.0613346
1001701503_D9	-4.106743	-0.34859467
1001701503_D10	4.9495783	-1.9327687
1001701503_D11	30.09687	-3.3184936
1001701503_E1	31.760227	-3.5853984
1001701503_E2	-9.943992	2.502993
1001701503_E3	-5.7320395	-5.9052763
1001701503_E4	-16.041496	0.935255
1001701503_E5	31.576231	-5.2847
1001701503_E6	2.440494	-3.0841937
1001701503_E7	-4.391177	5.5976715
1001701503_E8	29.711569	-4.6177874
1001701503_E9	-12.917715	0.2672904
1001701503_E10	-14.739214	-0.114065655
1001701503_E11	30.291546	-2.7513852
1001701503_F1	6.56646	-6.021634
1001701503_F2	-7.946094	3.667749
1001701503_F3	-5.637173	-3.1497965
1001701503_F4	31.00031	-2.941574
1001701503_F5	30.964481	-2.9382787
1001701503_F6	30.793802	-2.9018462
1001701503_F7	-4.680845	1.699605
1001701503_F8	-9.46648	3.1569762
1001701503_F9	-10.661233	4.009417
1001701503_F10	31.450499	-3.7574003
1001701503_F11	-12.84086	0.5677489
1001701503_G1	-9.041722	8.244745
1001701503_G2	31.78298	-5.8083954
1001701503_G3	-3.3652804	3.5333745
1001701503_G4	-13.224294	7.0491548
1001701503_G5	-0.7810523	1.2846864
1001701503_G6	-7.7842803	1.3547387
1001701503_G7	31.761982	-5.831661
1001701503_G8	-10.418181	4.5235276
1001701503_G9	30.294369	-3.5370972
1001701503_G10	-5.826241	1.0671068
1001701503_G11	-8.806709	4.4626083
1001701503_H1	32.485413	-6.138948
1001701503_H2	1.4534309	-1.3184589
1001701503_H3	-13.203196	0.95410705
1001701503_H4	-11.827647	3.54866
1001701503_H5	33.490204	-5.32131
1001701503_H6	30.586435	-3.2209432
1001701503_H7	-15.661144	1.9726756
1001701503_H8	1.976414	-7.608188
1001701503_H9	-14.287693	-2.1840026
1001701503_H10	-4.9190187	-0.18620369
1001701503_H11	31.682177	-5.879592
1001701503_I1	-6.7298203	2.7464857
1001701503_I2	-14.419806	0.95254433
1001701503_I3	33.55731	-5.704364
1001701503_I4	-3.6149924	-0.2632745
1001701503_I5	-8.035567	3.5796301
1001701503_I6	-11.526826	7.804593
1001701503_I7	32.18961	-5.3703527
1001701503_I8	33.49977	-5.77809
1001701503_I9	-9.402843	1.3229195
1001701503_I10	-1.4343886	2.8260977
1001701503_I11	4.049392	-6.849942
1001701503_J1	29.5324	-4.315413
1001701503_J2	-1.8125051	-6.7212844
1001701503_J3	-6.528133	-1.8537428
1001701503_J4	-14.725176	3.3267453
1001701503_J5	32.817303	-6.707345
1001701503_J6	31.73121	-5.7289824
1001701503_J7	30.226637	-3.2245505
1001701503_J8	-6.460551	8.542831
1001701503_J9	-9.966543	-4.6306686
1001701503_J10	-1.6843905	-6.925241
1001701503_J11	-13.401312	-0.11809623
1001701503_K1	-9.244109	1.2180322
1001701503_K2	30.144888	-4.937132
1001701503_K3	-13.677511	5.661682
1001701503_K5	-6.8824396	-3.0309238
1001701503_K6	-16.186222	3.806898
1001701503_K7	29.862835	-3.2515337
1001701503_K8	4.293193	-1.7546948
1001701503_K9	1.8065913	-4.8413663
1001701503_K10	31.514307	-5.938199
1001701503_K11	-8.839784	0.19123633
1001701503_K21	28.146547	2.181948
1001701503_L1	-9.04021	2.5479488
1001701503_L2	33.958565	-5.452894
1001701503_L3	-12.24634	-2.1771557
1001701503_L4	33.496956	-5.3727193
1001701503_L5	-8.166314	7.024874
1001701503_L6	-8.52328	8.487543
1001701503_L7	-8.749515	5.677018
1001701503_L8	32.7112	-5.88546
1001701503_L9	-8.884309	1.4223212
1001701503_L10	33.296345	-5.729052
1001701503_L11	-12.953904	-0.91022265
1001701503_M1	-12.244637	3.4078646
1001701503_M2	-9.178302	3.6113353
1001701503_M3	-3.1354034	-0.9920818
1001701503_M4	-8.736261	5.6557584
1001701503_M5	-0.348247	-1.7095097
1001701503_M6	-11.311232	-0.7433241
1001701503_M7	32.26613	-5.1317067
1001701503_M9	-12.891678	-2.7809367
1001701503_M10	-4.863751	1.7709697
1001701503_M11	-3.9093208	-1.8082622
1001701503_N1	-10.118122	0.46893498
1001701503_N2	33.727676	-5.603625
1001701503_N3	-1.0937253	-6.5666523
1001701503_N4	-7.722616	9.358979
1001701503_N5	33.101814	-5.4536963
1001701503_N6	30.620071	-3.0724084
1001701503_N7	32.431885	-4.8599463
1001701503_N8	1.2456205	-8.587881
1001701503_N9	-13.324217	4.681079
1001701503_N10	32.44524	-6.807466
1001701503_N11	-16.054203	4.971852
1001701503_O1	-11.842949	-4.619685
1001701503_O2	-8.452736	-0.21337117
1001701503_O3	-8.705964	4.3300037
1001701503_O4	-3.5036328	-1.711052
1001701503_O5	-13.776181	1.907534
1001701503_O6	30.798128	-2.6940565
1001701503_O7	-8.587588	4.106821
1001701503_O8	-10.828044	6.382092
1001701503_O9	-7.2254567	5.5508494
1001701503_O10	0.13722908	-0.11493861
1001701503_O11	-15.242495	-0.6338979
1001701503_P1	-5.7985992	5.705838
1001701503_P2	33.78305	-5.482864
1001701503_P3	30.368122	-2.4408648
1001701503_P4	-7.374813	0.5680839
1001701503_P5	-4.2352986	0.77173215
1001701503_P6	30.482763	-2.634993
1001701503_P8	-11.9226465	4.8938465
1001701503_P9	-7.9941792	-0.8144295
1001701503_P10	-6.5273604	3.2953928
1001701503_P11	-10.299452	3.6432087
1001701505_C3	30.655993	-3.6517339
1001701505_C8	-11.72557	5.059444
1001701505_D6	2.2888935	-5.8517637
1001701505_E2	-10.384568	-2.5200937
1001701505_E3	-3.9521449	1.9270785
1001701505_G1	-12.039319	-0.41310996
1001701505_H2	31.573605	-6.4583945
1001701505_H4	29.954199	-4.746171
1001701505_H5	-8.144725	4.8985825
1001701505_H9	-13.486967	-1.7690493
1001701505_I5	7.8167152	-6.4492216
1001701505_J1	-13.350402	-1.0247523
1001701505_J8	-12.022549	4.4737916
1001701505_L7	30.323502	-3.536107
1001701505_L10	33.401966	-5.8882427
1001701505_M8	-10.252328	6.9417524
1001701505_M9	6.512521	-1.5746622
1001701505_O6	30.283724	-2.3559804
1001701505_P6	-3.1506782	-5.322047
1001701603_A1	-3.676107	1.7351507
1001701603_A2	3.3171499	-4.376349
1001701603_A3	-13.547312	5.7707815
1001701603_A4	4.1212697	-3.9388204
1001701603_A5	-4.8643093	-4.443083
1001701603_A7	-0.9081029	0.18306877
1001701603_A11	1.8147665	-4.7680745
1001701603_A15	-5.9411764	4.883793
1001701603_A17	-9.80261	2.0254426
1001701603_A18	-7.541407	1.0598279
1001701603_B1	-10.959473	-3.3527792
1001701603_B2	-13.833824	4.908814
1001701603_B3	-4.784952	1.301428
1001701603_B6	-11.178819	8.633317
1001701603_B7	32.325836	-6.883618
1001701603_B9	3.6018577	-4.4710674
1001701603_B10	-4.6958423	-3.2117474
1001701603_B12	7.614799	-6.731766
1001701603_B14	-10.047187	2.404124
1001701603_B16	-9.659676	4.7714987
1001701603_B20	-7.5477085	5.237992
1001701603_C1	-12.737998	6.8633304
1001701603_C2	-0.8953899	-4.408607
1001701603_C3	-11.988786	5.7402015
1001701603_C5	3.0693684	-7.9969783
1001701603_C7	-1.9541476	0.49343506
1001701603_C11	-5.005665	-5.2481093
1001701603_C14	-13.6502075	-0.25890037
1001701603_C15	-2.0458202	-3.6275363
1001701603_C17	-9.269499	-0.28508526
1001701603_C18	2.63782	-8.029722
1001701603_D1	-3.9244218	-1.9954233
1001701603_D2	7.6090436	-4.741177
1001701603_D3	-0.6299359	-5.3546557
1001701603_D4	-3.5234513	1.2148466
1001701603_D6	2.250205	1.5309273
1001701603_D11	-9.640816	-2.78338
1001701603_D13	-12.937404	4.941149
1001701603_D16	-10.671204	6.586653
1001701603_D23	6.4852424	-5.548806
1001701603_E1	-12.798192	5.4439635
1001701603_E3	-10.249145	-1.955503
1001701603_E4	6.8929095	0.65303564
1001701603_E6	-4.271489	3.3461473
1001701603_E7	6.7655125	-4.4146037
1001701603_E9	-13.050709	6.126148
1001701603_E10	-4.4524117	-3.6499336
1001701603_E12	6.0482287	-5.940231
1001701603_E14	32.857464	-5.7157974
1001701603_E19	-6.53399	-4.994371
1001701603_E20	-13.788241	7.573626
1001701603_E22	7.7117434	-3.831951
1001701603_F1	-3.6814356	-3.184549
1001701603_F2	3.983877	2.6892292
1001701603_F3	-6.9824133	0.50632286
1001701603_F4	4.7887936	-2.3830662
1001701603_F6	-9.93886	2.6820366
1001701603_F7	-12.456987	6.1707087
1001701603_F9	30.008104	-3.4632056
1001701603_F10	-0.8478875	-4.6094375
1001701603_F11	-4.293154	-0.55284333
1001701603_F12	-16.349005	4.124348
1001701603_F13	-2.3199518	4.8477225
1001701603_F17	1.398031	-3.6904237
1001701603_F21	-11.488995	6.217139
1001701603_G1	-8.636857	-0.6065929
1001701603_G2	1.7139634	-7.0123672
1001701603_G3	-11.723231	5.586226
1001701603_G4	-11.070163	5.9182253
1001701603_G6	-13.261698	7.202224
1001701603_G7	-5.967856	4.6713786
1001701603_G8	7.314137	-4.324651
1001701603_G13	4.9833665	-4.087392
1001701603_G19	-9.958444	0.38935286
1001701603_G22	3.2360013	-5.895692
1001701603_H1	30.615839	-4.590519
1001701603_H2	-8.974999	-0.237849
1001701603_H3	3.5654886	4.306719
1001701603_H4	-12.8164	8.454089
1001701603_H5	0.68273616	-4.6751537
1001701603_H6	-5.059715	-0.68212014
1001701603_H7	8.274049	-6.250077
1001701603_H9	-1.0010252	3.5666075
1001701603_H10	-14.602024	-0.27260888
1001701603_H11	2.4571073	-6.577424
1001701603_H13	-2.9023564	4.3893666
1001701603_H15	2.0836244	-4.4622974
1001701603_H16	-13.417689	4.982457
1001701603_H17	-5.6915674	-4.091424
1001701603_H18	1.6103196	-6.5697103
1001701603_H19	-15.836901	4.270855
1001701603_H21	-4.8668566	4.4826365
1001701603_I1	-3.6779406	-4.4301085
1001701603_I2	0.31273413	-5.1450663
1001701603_I3	-15.923214	2.6376772
1001701603_I4	-13.861602	-0.46312487
1001701603_I6	8.381545	-5.5315046
1001701603_I7	-15.387897	6.075712
1001701603_I10	3.8112586	-4.9828534
1001701603_I11	-8.299415	-0.13399075
1001701603_I12	2.1673515	-7.986657
1001701603_I13	2.5369682	-4.5433617
1001701603_I14	1.0542775	-1.0911149
1001701603_I15	-11.641051	6.2205873
1001701603_I16	4.433731	-6.2576647
1001701603_I17	-2.9185088	-0.87962836
1001701603_I19	31.018963	-6.373743
1001701603_I21	5.661811	-5.3190503
1001701603_I23	-10.6791	0.6821514
1001701603_J1	-0.40793195	-0.16403301
1001701603_J2	-8.525722	-1.1798885
1001701603_J3	-9.481066	7.4435673
1001701603_J4	-10.357697	4.6572685
1001701603_J5	-9.9305725	-1.9671892
1001701603_J6	32.680786	-5.498124
1001701603_J8	4.4162736	-3.6005893
1001701603_J9	-16.71223	3.5451653
1001701603_J10	4.525784	-0.134926
1001701603_J11	5.8877244	-3.42481
1001701603_J14	-4.1953187	2.0886734
1001701603_J15	3.9750295	2.664524
1001701603_J16	-10.468413	-1.2937553
1001701603_J17	25.902475	3.0387895
1001701603_J21	-3.213687	-1.6797065
1001701603_J23	5.449933	-4.383159
1001701603_K1	4.2514873	-3.0271547
1001701603_K2	5.617769	-4.200452
1001701603_K3	31.966923	-6.3984017
1001701603_K4	2.4116693	-0.23603792
1001701603_K5	-3.9307637	-3.5365167
1001701603_K6	2.955806	-5.0707474
1001701603_K7	-3.7335198	5.83162
1001701603_K8	29.7927	-4.6598144
1001701603_K10	5.49015	-5.3911343
1001701603_K13	-12.512515	9.307297
1001701603_K16	-16.17372	6.203264
1001701603_K19	4.0457773	-3.748308
1001701603_K20	-8.435827	-3.279706
1001701603_K22	-0.58698374	-5.292181
1001701603_L1	5.0065413	-0.85114557
1001701603_L2	-16.644087	5.789066
1001701603_L3	-4.5464015	2.2022405
1001701603_L4	1.4353857	-7.330692
1001701603_L5	-11.9040785	0.101852536
1001701603_L6	5.3690047	-0.46778822
1001701603_L8	-4.043662	-2.1999772
1001701603_L9	-2.9364846	5.1929255
1001701603_L11	30.703878	-5.540039
1001701603_L13	-11.737768	-1.3236043
1001701603_L15	-3.1321254	-0.059568103
1001701603_L19	-13.7342615	0.20092362
1001701603_L21	3.8724692	-5.206662
1001701603_L22	-13.234213	8.465392
1001701603_M1	-12.431531	-2.3080244
1001701603_M2	-8.298239	6.107396
1001701603_M3	-16.197138	3.4246306
1001701603_M4	-2.127889	-3.5133746
1001701603_M5	-13.186252	4.3153133
1001701603_M6	-4.9461803	-3.9606588
1001701603_M7	-9.164575	3.2035282
1001701603_M8	3.023067	-2.9658058
1001701603_M11	-7.6019135	4.342726
1001701603_M14	-3.9433422	-1.050748
1001701603_M16	-11.226249	3.1660733
1001701603_M17	-17.17999	2.7205248
1001701603_M19	-15.184913	3.4825342
1001701603_N1	-10.180369	-2.2543843
1001701603_N2	4.4730773	-4.295287
1001701603_N3	-1.9542446	1.0499389
1001701603_N4	-1.3295318	3.4920099
1001701603_N5	4.2226567	-3.9011712
1001701603_N7	0.9044828	-4.299127
1001701603_N8	2.891099	-6.00656
1001701603_N9	-7.2842083	2.6752439
1001701603_N10	9.158121	-6.53422
1001701603_N16	-13.603052	-1.1703732
1001701603_N18	-8.295248	-1.1792326
1001701603_N20	-7.136911	5.1647267
1001701603_N22	7.1002975	-2.17447
1001701603_O1	-10.751192	-2.0916958
1001701603_O2	-11.46347	9.258596
1001701603_O3	5.898618	-4.7456136
1001701603_O4	3.831619	-5.238453
1001701603_O6	-8.59387	-0.6401184
1001701603_O7	3.820451	-2.5102143
1001701603_O8	-12.031793	5.405308
1001701603_O9	-9.080079	-1.4139054
1001701603_O11	-4.4646826	-1.6459749
1001701603_O12	6.145205	-3.4093058
1001701603_O15	24.877583	3.5094821
1001701603_O19	-6.0000563	-3.6215944
1001701603_O20	8.386137	-5.8789806
1001701603_O22	6.1880345	-2.31361
1001701603_P1	6.8892326	-0.7342846
1001701603_P2	-3.045849	-2.1834598
1001701603_P3	-7.905311	6.253735
1001701603_P4	-5.2097816	7.853266
1001701603_P5	-6.283514	4.131683
1001701603_P6	-11.614726	5.7339306
1001701603_P9	6.375378	-3.1939514
1001701603_P10	29.688402	-4.646438
1001701603_P11	-8.2336	-0.21799181
1001701603_P13	-10.064879	4.3732443
1001701603_P14	-0.5161238	4.2852845
1001701603_P15	-13.300219	1.1780889
1001701603_P17	5.826146	-1.3610692
1001701603_P20	1.900833	-1.2125612
1001701603_P22	5.860224	-2.0435367
1001701603_P23	-12.948548	4.404274
1001701605_A8	-1.9132645	1.3402659
1001701605_B1	-17.515167	4.6665616
1001701605_B6	-2.1072671	-2.4656456
1001701605_C4	24.89876	1.8260556
1001701605_C9	-13.669679	0.6745665
1001701605_D7	-4.670092	-2.6167827
1001701605_E3	6.55837	-5.9539037
1001701605_E9	6.6012993	-1.7572453
1001701605_E11	-8.880638	1.2134897
1001701605_F4	-5.5136867	3.3749206
1001701605_F8	-8.876601	-0.28730705
1001701605_F21	3.2861252	3.717332
1001701605_G9	-9.691055	-1.4960529
1001701605_H4	-9.853526	-1.8354915
1001701605_H8	5.8271217	-5.7129235
1001701605_I3	25.815115	1.336432
1001701605_J1	-8.850959	4.1952844
1001701605_K4	-4.6648626	-2.458039
1001701605_L10	-0.66552526	-4.3849373
1001701605_M2	-7.8788896	-1.6663239
1001701605_N4	5.738999	1.3085743
1001701605_N8	4.4197273	-3.416818
1001701605_O2	2.3695204	-6.05534
1001701605_O5	3.5121293	-4.538393
1001701605_O7	-14.273136	1.4386123
1001701605_P8	-7.0694346	1.5248114
1001701604_A4	4.572035	-3.53387
1001701604_A5	3.6925762	-3.4437087
1001701604_A6	-11.933436	6.288919
1001701604_A9	-6.473097	9.039345
1001701604_A10	2.0550632	-3.5454416
1001701604_A11	-12.195494	8.439833
1001701604_A13	-11.265572	0.3941619
1001701604_A15	3.9680402	-3.5421743
1001701604_A17	0.32015777	-3.8418899
1001701604_B1	1.1670125	-6.386665
1001701604_B2	-3.3309066	4.6515217
1001701604_B5	-12.197445	8.536612
1001701604_B6	-9.268998	-1.6441193
1001701604_B10	5.433634	-5.170773
1001701604_B14	2.8854184	-4.5807166
1001701604_B17	2.399718	-7.2453465
1001701604_C2	0.97466785	-2.0514708
1001701604_C3	6.2926383	-5.7894044
1001701604_C4	4.4285407	-1.7646518
1001701604_C6	3.71276	-6.840826
1001701604_C7	1.5058216	-6.7393856
1001701604_C8	6.536287	-3.9401567
1001701604_C15	4.2143474	-6.133185
1001701604_C18	26.084866	2.847312
1001701604_C19	-10.529912	0.80842566
1001701604_D1	4.2548456	-5.921579
1001701604_D5	-1.4829136	-1.916375
1001701604_D6	3.93047	-1.5594786
1001701604_D8	-6.7295275	1.4234697
1001701604_D11	0.7192246	-3.6280167
1001701604_D12	5.435623	-3.576832
1001701604_D13	4.683228	-3.5551076
1001701604_D15	1.0634477	-3.6677957
1001701604_D19	3.5817633	-2.239258
1001701604_E1	3.8984797	-3.6288078
1001701604_E2	-16.412315	3.4651728
1001701604_E3	0.6426059	-4.396807
1001701604_E5	1.3618748	-1.2225412
1001701604_E6	1.1114112	-4.300824
1001701604_E7	-15.118785	8.36334
1001701604_E9	-12.635083	9.659005
1001701604_F2	-9.099166	0.95542294
1001701604_F3	5.964961	-8.054948
1001701604_F4	-16.703995	5.333606
1001701604_F6	2.533872	-4.6772394
1001701604_F8	4.7203217	-3.3666
1001701604_F10	-13.010628	-0.038588777
1001701604_F14	2.562374	-3.5090191
1001701604_F19	4.6187735	-3.3106027
1001701604_G1	-8.411256	-1.9030956
1001701604_G3	31.992987	-7.108833
1001701604_G5	5.8657565	-6.666907
1001701604_G6	5.3819914	-5.474755
1001701604_G7	-13.973861	3.0965261
1001701604_G9	-11.812938	-0.7973226
1001701604_G13	1.8049527	-3.2959685
1001701604_G14	5.755332	-4.140491
1001701604_H1	-8.355331	-3.8510664
1001701604_H3	-15.907172	3.3971817
1001701604_H6	4.476766	-3.9305015
1001701604_H9	-14.476566	0.23463947
1001701604_H11	29.703896	-4.034099
1001701604_I3	-7.950243	2.1932683
1001701604_I5	5.0913563	-4.6777825
1001701604_I6	-8.572275	-0.5886282
1001701604_I8	0.62548167	-6.510052
1001701604_I16	-8.670506	0.242438
1001701604_I19	-0.6599448	-3.5275977
1001701604_J3	-11.2612915	-2.88938
1001701604_J4	-6.5661325	-4.8178716
1001701604_J5	-4.3053937	-2.23277
1001701604_J6	-13.971036	-0.07144999
1001701604_J7	-1.7184227	-1.2446926
1001701604_J8	-14.855136	-0.7052941
1001701604_J9	-16.576677	4.322481
1001701604_J19	4.1919417	-3.047779
1001701604_K1	0.27020243	-6.4743094
1001701604_K2	3.8452408	-2.2295568
1001701604_K3	-4.12984	-3.4162102
1001701604_K4	-10.721728	3.1084673
1001701604_K5	-3.1415975	-0.2147108
1001701604_K6	32.58032	-5.938737
1001701604_K7	4.698208	-9.17652
1001701604_K8	-9.87448	0.3535331
1001701604_K9	-15.2252035	4.661809
1001701604_K12	5.443934	-4.761124
1001701604_K19	2.4451342	-4.40296
1001701604_L1	-0.6202779	-3.327438
1001701604_L2	2.135894	-3.2991626
1001701604_L3	1.1325685	-3.6994016
1001701604_L5	-12.2464695	1.7366949
1001701604_L6	-16.870356	3.4635699
1001701604_L7	6.820007	-5.184594
1001701604_L8	-13.594721	0.73228073
1001701604_L10	-16.145466	2.4484708
1001701604_L12	26.154379	2.9622598
1001701604_L17	4.266166	-3.3489032
1001701604_M1	1.4768873	-6.7104955
1001701604_M2	-15.685143	5.4236245
1001701604_M3	-2.528083	-4.13598
1001701604_M4	30.083126	-3.131778
1001701604_M5	5.817872	-3.8841536
1001701604_M6	-4.204182	-4.013207
1001701604_M7	3.6831682	-2.5826514
1001701604_M9	-4.9828944	-2.864701
1001701604_M10	6.5745735	-4.5763574
1001701604_M20	0.108003244	-3.5060291
1001701604_N1	-10.120575	-0.8131487
1001701604_N2	-11.43503	4.295014
1001701604_N4	4.143904	-2.0807197
1001701604_N5	-9.370001	0.79787874
1001701604_N7	-5.5181437	-2.0461993
1001701604_N9	6.4625797	-2.9976928
1001701604_N10	-11.162127	2.7976422
1001701604_O1	-9.3243	0.753788
1001701604_O3	0.7751183	-7.3514943
1001701604_O4	3.4124231	-4.6105266
1001701604_O6	-4.6958694	-1.0438595
1001701604_O8	3.7382267	-4.8622274
1001701604_O10	6.2527966	-2.0300696
1001701604_O11	1.1230217	-4.766439
1001701604_O16	3.4451606	-4.0840063
1001701604_O18	1.344056	-4.6984878
1001701604_O20	4.1654835	-2.7492566
1001701604_P2	-16.513075	2.5683317
1001701604_P3	6.2348995	-4.079455
1001701604_P4	4.401276	-3.315166
1001701604_P5	-9.286289	-0.14661235
1001701604_P6	-9.333922	0.40796816
1001701604_P8	-7.003023	0.96672904
1001701604_P15	1.5570778	-6.9027934
1001701604_P16	-11.549358	6.3939695
1001701604_P17	4.2548103	-3.788878
1001701604_P20	7.509975	-6.7063065
1001701606_A6	-9.445234	4.6917396
1001701606_A11	-4.293962	0.6170858
1001701606_B3	0.933506	-6.6567597
1001701606_B4	-15.744165	5.60187
1001701606_C4	0.16210489	-3.9755936
1001701606_C5	30.148867	-3.6377025
1001701606_C9	0.46739185	-3.246041
1001701606_C11	24.836313	0.9567237
1001701606_D9	32.929935	-6.7948756
1001701606_E3	5.825107	-6.6643395
1001701606_E4	-10.171133	-2.7887723
1001701606_H9	29.31208	-4.424845
1001701606_L9	-10.983287	-3.4501946
1001701606_M5	-16.399284	3.6941607
1001701606_P8	1.3055297	-5.4311614
1001701606_P9	4.042752	-1.0610818
1001701701_E22	3.6431508	3.4056475
1001701701_L3	2.8899157	5.1090035
1001701703_A1	-1.8601363	-2.7803266
1001701703_A2	-15.932001	4.3644257
1001701703_A3	-13.435038	2.6372273
1001701703_A4	-11.115041	3.0738907
1001701703_A5	-14.252868	7.1822314
1001701703_A6	-0.9480117	-2.5685675
1001701703_A7	-13.337079	1.3547727
1001701703_A8	-11.611355	2.7644997
1001701703_A9	-14.949551	2.940126
1001701703_A10	-13.468425	1.5193874
1001701703_B1	-15.403007	5.2149887
1001701703_B2	6.270279	-3.758259
1001701703_B3	-13.102204	0.4139513
1001701703_B4	-14.783006	2.0981755
1001701703_B5	-13.921837	0.56212056
1001701703_B6	-14.632539	2.9068153
1001701703_B7	1.1031177	-7.4745398
1001701703_B8	-11.801327	-0.028431948
1001701703_B9	-11.758109	0.08427627
1001701703_B10	-16.080685	0.21342483
1001701703_B11	-10.655251	1.0889757
1001701703_C2	-14.570563	4.6729136
1001701703_C3	-15.068952	3.1314802
1001701703_C4	5.8506227	-2.9624004
1001701703_C5	7.552327	-5.2453313
1001701703_C6	1.1864308	-6.2632756
1001701703_C7	6.8912554	-2.9609685
1001701703_C8	-11.856353	3.12605
1001701703_C9	-13.319084	1.6525556
1001701703_C10	-8.255698	2.0435405
1001701703_C11	-13.955194	8.183673
1001701703_D1	-10.553891	-1.3542548
1001701703_D2	3.9264612	-7.615034
1001701703_D3	-10.706658	1.073868
1001701703_D4	-15.09046	3.285394
1001701703_D5	-10.667157	3.1317737
1001701703_D6	-13.414691	1.156589
1001701703_D7	-10.408697	1.1193471
1001701703_D8	-12.185698	3.018563
1001701703_D9	-12.30706	1.8498762
1001701703_D10	-14.32835	7.1695976
1001701703_D11	-7.1564493	1.6812878
1001701703_E1	-10.136364	-5.317477
1001701703_E2	-13.241479	1.3254615
1001701703_E3	-12.396023	4.639844
1001701703_E4	-11.727341	-0.9065779
1001701703_E5	-13.401178	4.5696745
1001701703_E6	-12.716075	4.193127
1001701703_E7	30.385351	-5.2187696
1001701703_E8	-12.2242	2.193327
1001701703_E9	-14.342816	2.9050436
1001701703_E10	-0.7649648	-6.230097
1001701703_E11	3.0602047	-3.363167
1001701703_F2	-10.247519	-1.2852025
1001701703_F3	-3.682904	-3.016413
1001701703_F4	-10.227038	3.2648437
1001701703_F5	-12.787917	-1.0311497
1001701703_F6	-15.220746	3.1603332
1001701703_F7	6.892692	-4.422408
1001701703_F8	-10.497797	-1.7035465
1001701703_F9	1.6976945	-4.4945946
1001701703_F10	0.041466974	-6.1911583
1001701703_F11	-8.32671	2.1294363
1001701703_G1	5.610805	-5.1285405
1001701703_G2	7.5299535	-5.9077682
1001701703_G3	-13.034567	0.35390392
1001701703_G4	-11.905472	1.8310996
1001701703_G5	-15.096513	2.700535
1001701703_G6	5.225631	0.5434392
1001701703_G7	-6.550492	-2.8051255
1001701703_G8	6.8324523	-2.753649
1001701703_G9	-14.51798	4.985096
1001701703_G10	-7.7353697	0.37829873
1001701703_G11	-13.148411	2.508096
1001701703_H1	7.043055	-3.8429637
1001701703_H2	-10.406895	2.12622
1001701703_H3	-10.486253	2.1132846
1001701703_H5	-5.9488206	-3.629283
1001701703_H6	-14.713311	2.462509
1001701703_H7	5.616257	-8.272715
1001701703_H8	-14.148191	-1.6902792
1001701703_H9	-1.8315848	-8.160086
1001701703_H10	-10.212083	2.7096663
1001701703_H11	-6.0059023	8.148093
1001701703_I1	2.389108	-2.3819942
1001701703_I2	-10.595521	2.58457
1001701703_I3	-10.805193	5.0865755
1001701703_I4	-10.686842	3.403038
1001701703_I5	-9.005819	7.1773157
1001701703_I6	-12.579969	2.9369874
1001701703_I7	-3.0195506	-4.542923
1001701703_I8	-10.306015	-1.3827758
1001701703_I9	7.0803924	-5.143959
1001701703_I10	-10.376671	1.6719413
1001701703_I11	-15.724831	1.1313028
1001701703_J2	-14.007309	4.3673635
1001701703_J4	-13.541655	3.0257792
1001701703_J5	0.57306683	-1.8332314
1001701703_J6	1.4618686	-5.4461393
1001701703_J7	-14.1817	6.764125
1001701703_J8	-13.250225	3.867224
1001701703_J9	5.057037	-2.4943926
1001701703_J10	7.710409	-1.7245629
1001701703_J11	4.3256283	-6.9374447
1001701703_K1	-12.528512	-0.22548248
1001701703_K2	3.9444406	-7.232291
1001701703_K3	-14.402977	-1.8495424
1001701703_K4	-12.333617	1.3210577
1001701703_K5	-11.936173	3.3286276
1001701703_K6	8.149062	-6.0362077
1001701703_K7	5.778885	-8.224602
1001701703_K8	-12.088776	4.5250816
1001701703_K10	-11.979519	1.9397402
1001701703_K11	-9.018946	3.0721934
1001701703_L1	5.545512	-5.1660895
1001701703_L2	8.388378	-5.3318105
1001701703_L3	-14.53988	-0.19576494
1001701703_L5	32.938908	-7.1863365
1001701703_L6	-5.042714	0.85600466
1001701703_L7	-0.21736681	-2.3129299
1001701703_L9	-10.136464	3.787035
1001701703_L10	-12.045078	3.2474995
1001701703_L11	5.8179646	-4.4512877
1001701703_M1	-12.148117	-0.28973404
1001701703_M2	0.33624354	-7.7288175
1001701703_M3	-16.903559	3.9448786
1001701703_M5	-0.13820462	-2.6824005
1001701703_M6	6.0892386	-6.1523585
1001701703_M7	1.838664	-7.456391
1001701703_M8	-13.4567995	1.7410401
1001701703_M9	-6.4569736	1.2925808
1001701703_M10	-0.21538894	0.53825665
1001701703_M11	0.58200634	2.13259
1001701703_M17	25.810007	3.8436565
1001701703_N1	1.0005394	-7.4520655
1001701703_N2	-11.032564	0.07467826
1001701703_N3	7.496437	-2.9183364
1001701703_N4	-9.115257	-4.662632
1001701703_N5	29.525076	-3.2450237
1001701703_N6	-12.6586275	2.9939408
1001701703_N7	-14.775794	2.770588
1001701703_N8	1.8192681	-7.892149
1001701703_N10	0.21762085	0.69149494
1001701703_N11	-7.0516763	-3.1971722
1001701703_N12	26.549402	3.3881276
1001701703_O1	-13.1348715	-2.4768233
1001701703_O2	-11.352885	1.2225215
1001701703_O4	7.6642833	-6.614465
1001701703_O5	-9.923512	2.750147
1001701703_O6	-13.855429	2.129054
1001701703_O7	2.415935	-7.440362
1001701703_O8	6.7860723	-0.37669784
1001701703_O9	-12.612997	-0.6461441
1001701703_O10	-15.558168	-0.5923696
1001701703_O11	6.466458	-2.3606544
1001701703_P1	-6.9890924	7.79364
1001701703_P2	-11.223994	2.103573
1001701703_P3	3.8660958	-5.0151124
1001701703_P4	-7.8399777	0.051481213
1001701703_P5	-11.614868	7.7966347
1001701703_P6	-11.661506	1.639171
1001701703_P7	-15.035237	2.799829
1001701703_P8	3.9033837	-5.3441277
1001701703_P9	-5.9915466	6.948866
1001701703_P10	-6.079231	6.9566555
1001701703_P11	7.6597605	-7.1357293
1001701705_A4	0.6852041	-7.813512
1001701705_B5	5.049039	-4.0652647
1001701705_B9	6.879538	-4.250665
1001701705_C1	-10.661241	0.6614053
1001701705_C10	-15.23074	4.7895746
1001701705_C23	9.110457	-5.0486054
1001701705_D2	-12.532591	1.4205683
1001701705_E4	5.6654415	-8.183429
1001701705_E11	-15.434236	5.316134
1001701705_F8	-16.69998	4.962684
1001701705_G10	33.82818	-6.271099
1001701705_H4	7.274347	-3.252084
1001701705_I3	-11.443101	-0.08247946
1001701705_I5	-12.259552	7.080458
1001701705_I7	3.8963559	-2.506276
1001701705_J4	4.556395	-9.058591
1001701705_K4	-10.609807	0.062689275
1001701705_K11	-14.630367	3.6918924
1001701705_L9	-11.939182	2.1200798
1001701705_L10	6.57005	-1.8824351
1001701801_A10	1.9645694	-1.3361137
1001701801_A11	-8.312722	6.1608596
1001701801_A2	-13.472704	5.9490404
1001701801_A4	-14.49774	6.421673
1001701801_A5	-0.13028361	5.695984
1001701801_A6	6.824987	-2.945672
1001701801_A7	-3.7987494	-6.5989647
1001701801_A8	-0.9413344	3.593488
1001701801_A9	2.662976	-2.6977038
1001701801_B10	-12.55499	-2.1809416
1001701801_B11	-7.1669474	4.7384033
1001701801_B2	29.939926	-4.076743
1001701801_B3	-10.431577	-2.4993956
1001701801_B4	-0.058420666	-4.8969526
1001701801_B5	6.6293235	-6.461436
1001701801_B6	0.052295733	-2.0100727
1001701801_B7	3.2044852	-8.536135
1001701801_B8	-5.92035	2.1440582
1001701801_C1	-13.031895	6.207164
1001701801_C10	-3.865316	4.5912337
1001701801_C11	-12.131557	1.5247216
1001701801_C3	-14.789934	4.0451345
1001701801_C5	-8.588342	8.336707
1001701801_C7	8.037811	-4.806403
1001701801_C9	-7.7737308	1.620834
1001701801_D1	-0.97522455	0.68100303
1001701801_D10	5.0456204	-5.6144643
1001701801_D11	-1.0369055	-2.4271634
1001701801_D2	7.5666475	-4.179492
1001701801_D3	3.266632	-7.8659854
1001701801_D4	-12.159863	-1.4286537
1001701801_D5	-12.471238	1.3122487
1001701801_D6	-11.913672	-2.4727607
1001701801_D8	-13.614737	3.9174843
1001701801_E1	-13.345859	1.4636168
1001701801_E10	-10.119949	4.405259
1001701801_E11	-9.094934	-0.06304348
1001701801_E2	-4.5129824	-3.520835
1001701801_E3	-6.288136	1.8225508
1001701801_E5	3.7540097	-8.621615
1001701801_E6	-4.0960045	6.674278
1001701801_E7	-8.649558	4.860708
1001701801_E8	-9.358638	6.7380185
1001701801_E9	-10.216636	4.5641613
1001701801_F1	5.311277	-0.5114681
1001701801_F11	-14.584253	1.6665025
1001701801_F3	-13.488986	4.2687206
1001701801_F4	-12.871379	3.265112
1001701801_F5	-7.4165015	6.1847706
1001701801_F6	-2.5784917	-3.864891
1001701801_F8	-14.923894	-0.7830027
1001701801_F9	3.154212	-5.8104467
1001701801_G1	-3.442446	0.3402589
1001701801_G11	-13.960619	0.3639214
1001701801_G17	26.906115	3.982781
1001701801_G2	-9.846144	-2.135913
1001701801_G3	-4.230798	-3.510909
1001701801_G4	-11.900938	1.8104376
1001701801_G5	-10.3149605	2.577412
1001701801_G6	-7.3832164	8.3750105
1001701801_G7	-5.9490814	2.4303808
1001701801_G8	5.597098	-8.418874
1001701801_G9	-8.62452	-2.253322
1001701801_H1	5.2146206	-0.041232206
1001701801_H10	-1.23254	-1.7789096
1001701801_H11	-11.920515	7.310103
1001701801_H2	5.255872	-6.0125375
1001701801_H3	-12.423975	-2.4548993
1001701801_H4	-10.463767	-2.2075233
1001701801_H5	-6.6563663	7.188549
1001701801_H6	4.577158	-4.0151744
1001701801_H7	-11.098512	4.2814317
1001701801_H8	-12.193717	1.4786556
1001701801_H9	-7.3978467	-4.0140324
1001701801_I1	6.3799167	-4.4316607
1001701801_I10	-8.526422	8.216001
1001701801_I18	28.293356	3.9149187
1001701801_I2	-15.134678	1.1308877
1001701801_I4	-9.702391	2.3889647
1001701801_I5	-12.752138	2.6566133
1001701801_I6	-4.1608458	-3.0158799
1001701801_I7	-14.0122175	7.2398915
1001701801_I8	-8.009114	7.3893275
1001701801_I9	6.1693745	-1.869541
1001701801_J1	-7.9056163	4.1619773
1001701801_J10	-9.205102	1.2417382
1001701801_J11	-6.937318	7.0217557
1001701801_J2	-7.2730546	5.1694045
1001701801_J3	-7.865687	8.209573
1001701801_J4	-12.464364	6.006231
1001701801_J5	-11.254087	1.5320239
1001701801_J6	-4.7723436	1.1529341
1001701801_J8	-9.168206	9.591635
1001701801_J9	-13.664525	-0.95918286
1001701801_K10	-9.951167	-1.1907064
1001701801_K11	-10.098019	4.4323554
1001701801_K2	-1.0542207	-5.466539
1001701801_K3	0.5652015	-5.6896157
1001701801_K4	5.013597	-2.8758307
1001701801_K5	-12.637505	4.8929133
1001701801_K6	-2.0778115	-2.2519774
1001701801_K7	-9.346611	1.2549978
1001701801_K8	-8.80564	4.7735977
1001701801_K9	-14.789053	1.1903453
1001701801_L1	-1.7367796	-2.4093628
1001701801_L10	-1.1076783	2.6003544
1001701801_L11	-8.227708	5.5281143
1001701801_L2	-5.8000855	7.261213
1001701801_L3	-5.978064	8.289032
1001701801_L4	2.3669279	-6.031137
1001701801_L5	7.262182	-5.054004
1001701801_L6	-12.114596	5.589535
1001701801_L7	-12.978619	4.026813
1001701801_L8	-9.108929	1.0145112
1001701801_L9	-12.106575	5.114981
1001701801_M1	-13.068155	-2.4693406
1001701801_M10	7.5317173	-0.8039865
1001701801_M11	-4.8498254	7.8247886
1001701801_M2	-6.5571327	6.851904
1001701801_M3	-9.432023	5.364625
1001701801_M4	6.346119	-4.1127954
1001701801_M5	8.29027	-5.982718
1001701801_M6	-9.260554	6.630656
1001701801_M8	-8.315497	7.3984094
1001701801_M9	-11.876581	-3.5570312
1001701801_N10	-4.9224343	-0.9425641
1001701801_N2	-6.776251	0.055821087
1001701801_N4	2.3478293	-7.3135557
1001701801_N6	-7.0192313	4.1398425
1001701801_N7	-11.626134	7.9095135
1001701801_N8	-3.429019	-1.8080522
1001701801_N9	-9.924521	6.288727
1001701801_O1	-4.175191	0.92899173
1001701801_O11	-6.7756996	9.720762
1001701801_O2	1.842418	-6.5122623
1001701801_O3	-12.4388275	3.3756752
1001701801_O4	-3.8734596	-0.5102738
1001701801_O5	-11.8626	7.474938
1001701801_O6	-3.6879072	5.5307508
1001701801_O8	-6.6445312	4.572019
1001701801_O9	4.640805	-8.277084
1001701801_P1	-6.1083484	5.0335503
1001701801_P11	-6.0019445	2.1733782
1001701801_P4	-0.21416521	-1.6018895
1001701801_P7	0.029290041	-0.63917524
1001701801_P9	8.794446	-5.2470784
1001701802_A19	5.9237447	-2.1646845
1001701802_A22	-4.9114165	7.6328974
1001701802_A23	-9.118397	1.625445
1001701802_B22	1.339364	5.1228943
1001701802_B23	2.1803021	-7.477003
1001701802_C20	4.7847576	-8.797171
1001701802_C22	-5.8426995	-1.0823436
1001701802_D22	-16.33496	3.800057
1001701802_D23	0.41244224	-7.6451097
1001701802_E20	-10.102604	3.897573
1001701802_E22	-3.891211	-5.2901864
1001701802_E23	-0.32906526	1.9539636
1001701802_F19	-0.4526455	-2.896817
1001701802_F2	-4.8022623	-2.7469962
1001701802_F20	2.0649302	-6.847932
1001701802_F22	3.0145786	-7.510309
1001701802_G19	0.5555507	-7.844333
1001701802_G20	-6.6713843	1.551532
1001701802_G22	-9.251639	3.5345433
1001701802_H21	-12.301796	-0.46829984
1001701802_H23	-6.1793437	-1.9716879
1001701802_I19	-8.988759	2.4002151
1001701802_I20	-6.7951856	9.555806
1001701802_I23	1.0173616	-7.8622675
1001701802_J19	-10.682145	3.7589366
1001701802_J22	-14.634067	0.7087207
1001701802_K20	-1.2490042	1.2775298
1001701802_K23	-13.872267	2.3883893
1001701802_L21	-9.204183	9.623197
1001701802_L22	-10.194625	2.2656128
1001701802_M19	-9.596508	4.986043
1001701802_M21	-6.166923	-4.6586914
1001701802_M23	-0.75549114	-5.7005033
1001701802_N19	-8.5325985	-4.3138733
1001701802_N22	-9.375873	-1.5091319
1001701802_N23	-14.327471	1.2686508
1001701802_O19	6.3359804	-8.162951
1001701802_O22	-9.269939	9.878502
1001701802_P20	8.165689	-5.791696
1001701802_P21	-5.123634	7.587948
1001701802_P23	-6.1916084	3.1671505
1001701803_A1	24.527323	2.6896157
1001701803_A14	26.356178	2.3042657
1001701803_A15	25.082747	1.3901176
1001701803_A16	25.074514	2.17364
1001701803_A2	24.81903	1.8710587
1001701803_A20	25.54573	1.9556413
1001701803_A4	26.481562	2.175617
1001701803_B1	26.35713	2.4936166
1001701803_B13	24.28819	3.1288726
1001701803_B16	24.321432	2.8470345
1001701803_B17	26.741093	1.5349768
1001701803_B2	26.57441	1.8698175
1001701803_B4	24.118412	2.6166542
1001701803_C12	25.016151	1.7568979
1001701803_C14	27.133032	3.1459522
1001701803_C15	27.211245	2.8777175
1001701803_C16	24.866034	2.8543274
1001701803_C4	24.162933	2.2496922
1001701803_D1	26.34371	3.1996472
1001701803_D13	26.384588	4.5550714
1001701803_D17	26.392475	3.235113
1001701803_D20	24.300837	3.325084
1001701803_D3	27.014126	2.760393
1001701803_D6	27.735336	3.7281647
1001701803_E1	24.810757	2.8837109
1001701803_E12	26.279724	2.389064
1001701803_E15	24.898554	1.8765153
1001701803_E16	24.201893	3.008908
1001701803_E20	24.658285	3.3839707
1001701803_E21	26.490772	3.349851
1001701803_E3	24.510672	1.8470052
1001701803_E4	26.317202	3.3439016
1001701803_E6	28.5114	2.1913884
1001701803_F1	25.030035	2.677756
1001701803_F14	23.9115	2.6488504
1001701803_F15	24.960527	1.9247764
1001701803_F16	24.961222	2.7239468
1001701803_F20	26.006353	4.2866564
1001701803_F3	27.277327	2.7865162
1001701803_F4	24.812162	2.6323824
1001701803_G16	24.510347	1.1138979
1001701803_G17	24.92268	1.8271534
1001701803_G2	26.363785	3.3189583
1001701803_G20	25.261759	4.087551
1001701803_G21	25.273762	2.1347072
1001701803_G3	24.528667	1.0855241
1001701803_G4	25.180536	2.0854213
1001701803_H1	26.222088	2.6506968
1001701803_H12	24.217548	1.7048273
1001701803_H13	26.283197	2.4944975
1001701803_H14	24.146145	3.0729237
1001701803_H15	25.319199	1.515606
1001701803_H16	26.766369	3.7790213
1001701803_H17	26.90061	4.4852705
1001701803_H2	26.575302	2.0598903
1001701803_I1	25.242504	1.5513562
1001701803_I12	24.895098	2.675196
1001701803_I14	25.906504	3.2447624
1001701803_I2	26.060095	3.837447
1001701803_I20	25.781713	3.9828572
1001701803_I21	27.379112	2.9158707
1001701803_I3	25.931133	3.9952095
1001701803_I4	26.714159	3.4721658
1001701803_J1	26.71433	0.9009112
1001701803_J12	24.87749	2.7924302
1001701803_J13	25.04107	2.185486
1001701803_J14	24.078598	1.4167773
1001701803_J15	26.094553	4.038266
1001701803_J16	24.433722	4.094083
1001701803_J17	24.294113	3.4622495
1001701803_J2	26.478556	2.1870224
1001701803_K1	24.55891	1.9909977
1001701803_K12	26.213207	2.7809894
1001701803_K13	25.02494	1.9076627
1001701803_K15	26.315084	2.478928
1001701803_K16	-6.70101	5.0181403
1001701803_K17	25.130491	2.068364
1001701803_K19	4.4030905	1.212477
1001701803_K20	26.82384	3.9463024
1001701803_K21	24.795918	2.6572866
1001701803_K3	25.622335	3.636209
1001701803_L13	24.513268	2.6748083
1001701803_L17	24.859182	2.556388
1001701803_L2	24.97175	3.2513204
1001701803_L20	26.619991	4.365929
1001701803_L5	27.427053	4.302085
1001701803_M1	25.58729	3.175461
1001701803_M12	26.824923	2.0336702
1001701803_M16	25.266237	1.7046466
1001701803_M17	26.057604	2.9819992
1001701803_M2	27.13477	2.2607899
1001701803_M3	24.955786	2.7500548
1001701803_M6	27.571333	3.751547
1001701803_N12	25.675175	2.125074
1001701803_N13	25.191378	2.6281474
1001701803_N14	27.218493	3.5657594
1001701803_N16	26.108803	4.577412
1001701803_N17	27.059818	3.85896
1001701803_N3	25.85866	3.3599389
1001701803_N4	24.621012	1.810899
1001701803_O12	26.962755	4.1807585
1001701803_O13	24.360744	3.5172875
1001701803_O14	24.345392	3.1829102
1001701803_O20	26.776714	3.428082
1001701803_O3	26.690994	2.7948656
1001701803_P1	26.014162	3.5147502
1001701803_P13	24.38175	3.245544
1001701803_P14	26.645012	2.95376
1001701803_P15	24.199184	2.359863
1001701803_P17	24.650555	2.7910223
1001701803_P2	26.125357	3.67425
1001702102_A1	0.67863876	2.9670043
1001702102_A11	-2.1558006	5.983486
1001702102_A3	0.6608034	2.3581529
1001702102_A4	2.3247666	3.299683
1001702102_A5	2.8250184	3.265
1001702102_A7	33.33768	-6.778002
1001702102_A8	1.9127468	4.29295
1001702102_A9	-1.3344566	0.7487562
1001702102_B10	-0.028855784	2.9631498
1001702102_B3	-1.2032126	3.6673095
1001702102_B4	32.667286	-6.391363
1001702102_B5	-0.2983864	-2.4045076
1001702102_B7	-1.0337628	1.8197383
1001702102_B8	-1.4883115	1.7421963
1001702102_B9	-2.8906202	5.0247865
1001702102_C10	-2.2927468	2.3904433
1001702102_C2	1.0043728	-2.0644734
1001702102_C3	1.9659721	-1.6637278
1001702102_C5	1.3472699	5.014867
1001702102_C7	5.469349	-0.52628845
1001702102_C9	-2.4924963	3.73817
1001702102_D1	2.3670266	-2.0937104
1001702102_D10	-6.731194	2.43263
1001702102_D11	0.3313028	3.4127483
1001702102_D4	1.4238124	-0.2697224
1001702102_D5	33.654316	-5.7827168
1001702102_D6	-2.3785195	1.821963
1001702102_D8	-0.7385927	5.1702795
1001702102_D9	-5.1155314	5.1811476
1001702102_E1	3.5374737	0.32759196
1001702102_E10	2.7585595	1.3681295
1001702102_E2	0.7177248	3.159409
1001702102_E4	3.0149286	2.3600996
1001702102_E6	-2.6746364	5.033132
1001702102_E7	-1.1312395	3.766619
1001702102_E8	-2.2728	-0.7328935
1001702102_E9	5.31668	-8.032733
1001702102_F10	-2.62014	1.4454905
1001702102_F3	-4.395019	0.16346835
1001702102_F4	-0.8768465	3.1843317
1001702102_F5	0.8669092	3.130585
1001702102_F6	2.2520478	3.0968087
1001702102_F7	0.0012657796	3.5632129
1001702102_F9	3.348473	2.0421312
1001702102_G1	0.74557817	3.6412213
1001702102_G10	0.86169523	2.150891
1001702102_G11	-0.86069345	2.9658647
1001702102_G2	32.35697	-5.3301635
1001702102_G3	-2.2813792	3.8749263
1001702102_G4	0.3360174	4.087364
1001702102_G6	5.163821	2.2497327
1001702102_G7	-0.4286145	1.7874602
1001702102_G8	4.0323634	3.3274426
1001702102_G9	-0.23580813	1.3356909
1001702102_H10	-1.2607949	-1.2623122
1001702102_H11	-3.5617511	0.9576804
1001702102_H3	-5.1897697	5.5108814
1001702102_H4	1.9808708	3.069261
1001702102_H5	2.2644045	2.2196538
1001702102_H6	-0.4477438	0.5331853
1001702102_H7	5.6275043	-0.5557101
1001702102_I10	30.138863	-1.9634004
1001702102_I11	-2.1691253	3.497503
1001702102_I12	33.27081	-6.8088956
1001702102_I3	-0.6368035	3.1436067
1001702102_I4	0.34908724	3.8394349
1001702102_I5	-0.94892	2.7430236
1001702102_I6	3.7681959	0.012156907
1001702102_I7	-11.107057	6.970542
1001702102_I8	-4.1735134	2.2433484
1001702102_I9	1.3737628	1.6152985
1001702102_J1	-2.4010692	5.4354258
1001702102_J10	4.065379	0.75695384
1001702102_J11	1.9773144	3.6214275
1001702102_J18	0.11871529	2.5888462
1001702102_J2	-3.9813008	1.4977895
1001702102_J4	-7.423178	3.5335543
1001702102_J5	-1.5048201	-1.2214797
1001702102_J6	-1.7917068	5.2638555
1001702102_J8	-2.028166	3.5074284
1001702102_J9	2.8189185	2.0634756
1001702102_K1	33.118816	-5.8362703
1001702102_K11	5.45302	-4.379625
1001702102_K2	2.1098595	2.6291878
1001702102_K4	-2.8525202	4.008499
1001702102_K5	-13.213909	1.9531276
1001702102_K6	0.24790944	3.4824913
1001702102_K8	2.274301	1.7473084
1001702102_L1	-1.7415737	1.5908843
1001702102_L10	-0.34317458	2.3944645
1001702102_L11	0.72436076	3.8860242
1001702102_L2	0.48635685	1.8558784
1001702102_L3	-2.3837206	2.0769105
1001702102_L4	-2.9943035	3.6842964
1001702102_L7	-0.25321952	2.188156
1001702102_L8	2.3537514	3.071887
1001702102_M1	1.1003791	1.310032
1001702102_M11	-0.67281955	4.426459
1001702102_M2	2.7304382	2.597199
1001702102_M3	2.695326	2.7870932
1001702102_M4	-0.36229753	4.4190845
1001702102_M5	2.881081	1.5711039
1001702102_M6	2.4009893	3.1812856
1001702102_M7	-0.86496633	4.021792
1001702102_M8	0.797609	-3.0050535
1001702102_N10	30.307537	-2.408121
1001702102_N11	1.2638906	2.393205
1001702102_N2	-9.2347355	-2.8221717
1001702102_N4	-2.4460802	1.5190461
1001702102_N5	32.57105	-7.257806
1001702102_N6	-1.0058966	1.5567185
1001702102_N8	0.49635008	1.9373355
1001702102_O10	-1.8816067	5.2345076
1001702102_O2	1.0788273	2.4378788
1001702102_O4	1.8684561	4.1668396
1001702102_O6	0.72693956	0.29838723
1001702102_O7	-7.675022	2.194793
1001702102_O9	-0.22888127	2.0807824
1001702102_P10	-5.634155	-2.6561825
1001702102_P2	-3.4675062	5.0242567
1001702102_P3	1.0410156	3.0438802
1001702102_P4	-0.3056632	2.3079915
1001702102_P5	2.4311695	3.6229548
1001702102_P6	30.259523	-2.3571854
1001702102_P7	6.210766	1.1327513
1001702103_E4	3.3483825	3.4724243
1001702104_A10	33.300224	-6.5954733
1001702104_A19	-1.6456765	3.0604386
1001702104_A22	-0.46401882	-0.9385647
1001702104_A7	-2.3061974	-4.356865
1001702104_C23	26.856697	3.959656
1001702104_D10	33.3294	-5.950602
1001702104_D13	-2.238226	-2.5021274
1001702104_D4	30.538174	-2.458543
1001702104_D7	-1.5436835	0.7196401
1001702104_E15	25.955086	1.5446032
1001702104_E20	26.82787	3.7246222
1001702104_E9	-10.394048	0.7221578
1001702104_F12	-5.492202	-3.3246686
1001702104_F14	32.06163	-6.1573124
1001702104_G10	33.365356	-6.331324
1001702104_G8	-15.318312	7.5569615
1001702104_I15	27.501698	3.0028312
1001702104_I21	1.5296148	-1.9046563
1001702104_I22	-0.9165398	0.30099818
1001702104_J16	-1.4833478	-2.8369648
1001702104_J18	5.2122116	-4.850616
1001702104_J7	33.377445	-5.932874
1001702104_K19	27.038898	1.9564216
1001702104_K9	-1.0384028	-2.1339588
1001702104_L13	-12.221274	8.339594
1001702104_M21	32.521	-6.7841954
1001702104_M23	1.2731773	-0.25652128
1001702104_M8	26.964891	2.0190032
1001702104_N17	1.3322787	-1.7964495
1001702104_O10	32.72135	-5.356721
1001702104_O2	-1.6530756	-1.5347097
1001702104_P14	3.0888457	-2.820348
1001702104_P8	-14.191673	3.8336995
1001702201_P23	27.145882	0.29982132
1001702202_A1	0.21688838	1.2948982
1001702202_A10	0.80672	1.0453677
1001702202_A11	6.9931316	-4.725517
1001702202_A12	0.16187213	2.9455698
1001702202_A13	-5.45166	4.1176066
1001702202_A14	4.5323515	-3.5620835
1001702202_A15	4.673951	-0.55073357
1001702202_A18	26.875961	4.792274
1001702202_A2	-2.7588072	0.62582827
1001702202_A3	4.817956	2.2965825
1001702202_A4	-1.3303362	3.3513162
1001702202_A5	-4.7591033	4.407433
1001702202_A6	-4.907181	4.351687
1001702202_A7	0.41273788	0.7693312
1001702202_A8	-3.6914248	2.8625784
1001702202_A9	3.3655245	1.5213765
1001702202_B10	3.2205024	-4.0540814
1001702202_B11	-10.962323	4.024237
1001702202_B12	-0.39562863	2.2188869
1001702202_B13	-2.5518103	-1.441514
1001702202_B14	1.5409496	1.5876912
1001702202_B15	-6.820974	3.4520109
1001702202_B2	1.3080177	5.0846825
1001702202_B3	4.3380256	0.4703125
1001702202_B4	-2.3685627	2.1837726
1001702202_B5	-5.4326863	6.155166
1001702202_B6	-4.4961834	3.3336985
1001702202_B7	-1.3600938	4.437689
1001702202_B8	3.369162	0.89830244
1001702202_B9	-3.7644491	2.9914372
1001702202_C1	0.8328979	0.2279215
1001702202_C10	0.8917148	-3.0285902
1001702202_C11	2.7833736	1.7762305
1001702202_C12	-7.2362194	3.5060153
1001702202_C13	2.9380944	2.0728986
1001702202_C14	-6.7484236	2.3776526
1001702202_C15	-0.10204852	-3.814293
1001702202_C3	4.4454393	0.44453
1001702202_C4	4.0788097	-7.8140173
1001702202_C5	-0.031765547	3.2293122
1001702202_C6	0.20673777	1.1060547
1001702202_C7	-4.7840676	5.888376
1001702202_C8	0.7051941	-1.2100716
1001702202_C9	-6.7731605	7.650066
1001702202_D1	4.1909914	-1.1265452
1001702202_D10	-5.6763287	4.540252
1001702202_D11	3.881746	-3.1999738
1001702202_D12	-5.3412066	3.3113525
1001702202_D13	-1.1362674	1.8393946
1001702202_D14	-1.6629931	4.3642125
1001702202_D15	-7.3567967	-1.2023776
1001702202_D2	-10.574852	7.732499
1001702202_D3	-3.5175135	-1.7072086
1001702202_D4	-3.3264518	2.5622602
1001702202_D5	5.6585	-3.9146447
1001702202_D6	2.552809	-1.4841828
1001702202_D7	1.6310003	0.055446915
1001702202_D8	2.1545584	0.20586184
1001702202_D9	4.0956006	1.5227774
1001702202_E1	21.884022	1.3215877
1001702202_E10	4.373978	-5.9465876
1001702202_E11	-2.724486	6.4323463
1001702202_E12	4.102996	1.0616813
1001702202_E13	-3.790384	0.6141216
1001702202_E14	-7.431442	2.603773
1001702202_E15	3.2023723	-3.189696
1001702202_E2	-5.1627517	5.5981317
1001702202_E3	4.2107778	-7.604084
1001702202_E4	-0.46346718	1.8018519
1001702202_E5	5.60503	-0.5318285
1001702202_E6	8.657548	-5.7642393
1001702202_E7	1.0229287	1.944462
1001702202_E8	5.1656275	2.0501757
1001702202_E9	4.7597475	-4.1098714
1001702202_F1	-4.317588	3.5467153
1001702202_F10	1.1473289	0.71730274
1001702202_F11	4.116301	-1.0131259
1001702202_F12	4.289163	3.288849
1001702202_F13	-7.4941897	-0.15312041
1001702202_F14	-2.252169	-0.07379871
1001702202_F15	-9.357473	3.6641498
1001702202_F2	0.039365575	3.163289
1001702202_F3	-10.030488	5.8822045
1001702202_F4	3.089071	1.5462179
1001702202_F5	-0.99101186	2.5063682
1001702202_F6	2.3089676	0.5187422
1001702202_F7	3.9283545	2.1564555
1001702202_F8	-4.284322	3.4191878
1001702202_F9	-4.812551	4.103455
1001702202_G1	4.984765	0.4555979
1001702202_G10	-3.0910501	0.7271115
1001702202_G12	1.586922	1.366868
1001702202_G13	1.0408694	1.982812
1001702202_G14	4.1513176	-2.2205029
1001702202_G15	-4.6935897	4.4111247
1001702202_G2	-2.2183378	1.7410673
1001702202_G3	-2.6918275	1.0371647
1001702202_G4	-3.1316288	1.0461185
1001702202_G5	-5.6073337	7.735857
1001702202_G6	5.3973217	-3.4571304
1001702202_G7	-2.2374136	1.0274035
1001702202_G8	-1.2725328	4.4229817
1001702202_G9	2.3212192	-1.6396028
1001702202_H1	4.3798137	2.0025227
1001702202_H10	-3.677507	7.9803143
1001702202_H11	4.072147	-0.9936694
1001702202_H12	7.6317687	-6.040691
1001702202_H13	2.211717	3.4135466
1001702202_H15	-0.4448154	2.2596464
1001702202_H2	-5.3941145	6.2780023
1001702202_H20	2.8897986	-6.837552
1001702202_H3	1.1070979	2.1080203
1001702202_H4	2.8394563	-1.1054593
1001702202_H5	-3.775026	1.8379135
1001702202_H6	-3.5805175	2.5273864
1001702202_H7	1.5401764	1.5082061
1001702202_H8	4.9802656	-1.9125688
1001702202_H9	-1.4023669	3.0359063
1001702202_I1	2.4847133	2.5302415
1001702202_I10	30.144026	-2.9132028
1001702202_I11	-2.3124542	-0.33014667
1001702202_I13	-10.4281025	-0.67312145
1001702202_I14	-4.4186163	-2.3596957
1001702202_I15	-1.3966863	4.0720134
1001702202_I2	-5.9635634	0.48746026
1001702202_I3	-2.9046724	2.3838181
1001702202_I4	-11.44803	7.7304974
1001702202_I6	-7.4253116	2.2342749
1001702202_I7	-5.8304677	-0.58428067
1001702202_I8	5.459994	-7.8993645
1001702202_I9	4.8389854	-0.7973245
1001702202_J1	3.2715929	-0.17471161
1001702202_J15	-2.5915	0.4872966
1001702202_J2	3.1726074	-4.628182
1001702202_J3	-1.263867	-5.2505717
1001702202_J4	3.6573498	2.2593205
1001702202_J5	-2.456829	1.3162214
1001702202_J6	3.6974616	1.5666078
1001702202_J8	1.5080498	-5.8956037
1001702202_J9	4.3988705	2.1253402
1001702202_K1	-2.4262285	2.1681404
1001702202_K10	-4.239608	2.8836002
1001702202_K11	-0.1525991	1.7314097
1001702202_K12	-16.008041	4.944911
1001702202_K13	-9.882458	3.5791092
1001702202_K14	-2.336581	1.0511864
1001702202_K15	-5.389805	1.6949943
1001702202_K2	-5.47177	3.6473668
1001702202_K3	-3.4371595	3.520706
1001702202_K5	1.0775015	-0.7470597
1001702202_K6	3.5593786	0.47475696
1001702202_K7	6.1887984	0.4776711
1001702202_K8	-2.4856849	1.8566974
1001702202_K9	-5.2042127	4.874177
1001702202_L1	-0.57644975	1.9200023
1001702202_L10	-5.7283025	2.4822066
1001702202_L11	-2.950804	4.0257506
1001702202_L13	3.4968321	-0.6062945
1001702202_L14	-3.3248892	5.2278934
1001702202_L15	-0.6587897	6.41952
1001702202_L2	2.5794823	1.9532965
1001702202_L3	0.5856963	1.2866434
1001702202_L4	3.7921033	-2.0384688
1001702202_L5	-0.9325567	3.2064383
1001702202_L6	4.340074	-2.10092
1001702202_L7	-1.0961962	3.8161983
1001702202_L9	-2.3193605	2.3745883
1001702202_M1	2.477252	3.0820284
1001702202_M10	3.4442952	-3.5162382
1001702202_M11	-3.924099	1.2323246
1001702202_M13	5.2013693	-7.8642335
1001702202_M15	3.5107124	0.35444587
1001702202_M3	-7.229327	1.0522007
1001702202_M4	-0.03124263	-0.044171423
1001702202_M5	3.4118042	-3.016344
1001702202_M6	-1.8932333	4.0808516
1001702202_M7	-10.562564	4.307138
1001702202_M8	-5.9865184	4.6650844
1001702202_N1	-6.2504787	1.2768711
1001702202_N10	3.6785107	-5.104384
1001702202_N11	2.8529232	2.8365297
1001702202_N12	-4.010586	2.0636783
1001702202_N13	-1.1878731	0.5920628
1001702202_N15	4.2222776	0.70807886
1001702202_N2	2.039603	2.9694123
1001702202_N3	-0.0007791467	1.290749
1001702202_N4	-8.7334795	1.111881
1001702202_N5	0.45791206	4.4748898
1001702202_N6	-8.004714	-0.4161502
1001702202_N7	-1.2861391	6.125189
1001702202_N8	3.776184	-1.4685892
1001702202_O1	-3.3349776	-0.0019854512
1001702202_O10	-9.159558	2.739996
1001702202_O11	-3.2526448	-0.07103346
1001702202_O12	2.933737	2.6674368
1001702202_O13	3.5614862	-0.4916178
1001702202_O15	-1.2117596	-1.1160649
1001702202_O2	-4.678763	2.9190965
1001702202_O3	-3.1929045	3.386815
1001702202_O4	-3.6762886	-2.617032
1001702202_O5	-6.8267593	-2.9632812
1001702202_O6	0.66735566	3.5987222
1001702202_O7	-3.1245532	1.222535
1001702202_O9	3.7299361	2.7814507
1001702202_P10	-1.8434086	4.8730106
1001702202_P11	-1.1175308	1.1214999
1001702202_P12	-7.785679	1.5336887
1001702202_P13	-2.2890377	0.05611554
1001702202_P15	2.5521898	0.64017236
1001702202_P2	-13.667873	-1.9058179
1001702202_P3	1.2494127	2.4469047
1001702202_P4	7.8929596	-3.3608053
1001702202_P6	-6.390067	3.9924045
1001702202_P7	-3.2214382	6.400717
1001702202_P9	3.6456318	1.3765274
1001702203_H18	26.006355	0.9380775
1001702203_I6	-6.901935	-4.988193
1001702204_A2	25.178417	3.2352867
1001702204_A4	25.909138	4.045616
1001702204_B10	26.86836	2.9833167
1001702204_B14	1.0696185	0.17646624
1001702204_B15	25.857428	1.6283841
1001702204_B17	25.410471	1.9383454
1001702204_B19	27.062937	1.9725032
1001702204_B20	26.728743	2.6350415
1001702204_B21	29.712126	-4.849985
1001702204_B23	27.034365	1.6675253
1001702204_B9	25.202183	2.8794186
1001702204_C1	26.50258	2.2034667
1001702204_C15	25.913675	0.86391693
1001702204_C2	27.157469	3.0669863
1001702204_C23	26.450293	2.825921
1001702204_C6	25.96699	1.4587164
1001702204_D14	-5.2313795	-2.6232874
1001702204_D19	25.931635	0.57351
1001702204_D4	31.10429	-6.4413714
1001702204_D8	26.007587	1.7520169
1001702204_D9	26.025799	0.7003676
1001702204_E1	25.290586	1.3735243
1001702204_E12	25.522049	0.816777
1001702204_E17	25.901733	1.4599967
1001702204_E20	27.671122	2.315057
1001702204_E22	23.888561	1.677689
1001702204_E8	26.592497	2.2027352
1001702204_E9	25.972143	1.175286
1001702204_F21	1.5242034	1.0568177
1001702204_F23	26.296015	3.244563
1001702204_G14	27.123606	2.765889
1001702204_G15	25.96023	1.5652794
1001702204_G23	25.196814	2.8563745
1001702204_G4	25.814453	0.9570151
1001702204_H1	25.925879	3.400329
1001702204_H17	26.959661	2.2161925
1001702204_H21	25.858688	1.1087795
1001702204_H23	26.819958	1.9055856
1001702204_H5	26.137596	0.6040469
1001702204_I1	27.19443	2.483479
1001702204_I12	25.625895	1.3501179
1001702204_I13	26.82433	1.6696074
1001702204_I16	26.513103	2.134594
1001702204_J19	26.671246	4.4903135
1001702204_J21	-1.8767747	3.233943
1001702204_J22	25.200338	2.6254702
1001702204_J8	-2.7121842	2.1005664
1001702204_K12	27.132328	2.2462626
1001702204_K15	3.6808167	-0.35931867
1001702204_K19	25.141922	2.8643355
1001702204_K20	25.977201	0.81014997
1001702204_K3	25.24408	1.1485816
1001702204_K4	25.788265	1.5947095
1001702204_K5	26.302563	4.1051826
1001702204_K6	26.998404	3.0077014
1001702204_L18	26.605715	2.3294892
1001702204_L19	26.12588	3.5242577
1001702204_L20	25.396904	2.6549256
1001702204_M18	25.826508	1.4709775
1001702204_M19	25.11096	1.8342173
1001702204_M22	26.486994	3.898295
1001702204_M5	26.352848	1.210066
1001702204_N11	26.719057	1.910317
1001702204_N16	25.12977	3.2623556
1001702204_N18	27.51818	1.8184373
1001702204_N20	26.154753	0.39624545
1001702204_N22	25.12132	3.2884727
1001702204_N23	1.4838188	-0.7474956
1001702204_N6	4.33888	-0.72224
1001702204_O13	26.684557	1.7963129
1001702204_O16	25.638609	2.7495444
1001702204_O20	26.393915	4.399457
1001702204_O9	27.185736	2.1091192
1001702204_P14	25.313738	1.7184088
1001702204_P15	25.260275	1.7379661
1001702204_P16	27.444395	1.7446939
1001702204_P17	25.332943	0.7915296
1001702204_P19	26.391254	2.3826294
